
=== Crocus server started at 2026-09-12 23:26:01 ===
[23:26:01] Starting on port 8000 (proxy 8080)
[23:26:02] Blocklist loaded: 0 entries
[23:26:02] Listening on http://localhost:8000
[23:26:02] Proxy listening on http://localhost:8080
[23:26:03] GET /
[23:26:03] GET /fa/css/all.min.css
[23:26:03] GET /style.css
[23:26:04] GET /quotes.js
[23:26:04] GET /script.js
[23:26:04] GET /fa/webfonts/fa-solid-900.woff2
[23:26:04] GET /fa/webfonts/fa-regular-400.woff2
[23:26:04] GET /api/notes
[23:26:05] GET /api/notes
[23:26:05] GET /api/notes/f
[23:26:05] GET /api/notes/untitled
[23:26:05] GET /api/notes/untitledff
[23:30:02] GET /
[23:31:29] GET /api/notes
[23:31:29] GET /api/notes/f
[23:31:29] GET /api/notes/untitled
[23:31:29] GET /api/notes/untitledff
[23:31:52] GET /
[23:31:53] GET /fa/css/all.min.css
[23:31:53] GET /style.css
[23:31:53] GET /quotes.js
[23:31:53] GET /script.js
[23:31:53] GET /fa/webfonts/fa-solid-900.woff2
[23:31:53] GET /fa/webfonts/fa-regular-400.woff2
[23:31:53] GET /api/notes
[23:31:54] GET /api/notes
[23:31:55] GET /api/notes

=== Crocus server started at 2026-09-12 23:32:25 ===
[23:32:25] Starting on port 8000 (proxy 8080)
[23:32:25] Another instance already running on port 8000
[23:32:25] Server shutting down.
[23:32:26] GET /
[23:32:26] GET /fa/css/all.min.css
[23:32:26] GET /style.css
[23:32:26] GET /quotes.js
[23:32:26] GET /script.js
[23:32:27] GET /fa/webfonts/fa-solid-900.woff2
[23:32:27] GET /fa/webfonts/fa-regular-400.woff2
[23:32:27] GET /api/notes
[23:32:27] GET /api/notes
[23:32:30] GET /api/notes/tasks
[23:32:36] POST /api/notes/tasks
[23:32:39] POST /api/notes/tasks
[23:32:40] GET /api/notes
[23:32:41] GET /api/notes/tasks
[23:32:49] GET /api/blocklist
[23:32:49] GET /api/proxy/stats
[23:32:49] GET /api/blocklog
[23:32:54] GET /api/proxy/stats
[23:32:55] GET /api/blocklog
[23:33:00] GET /api/proxy/stats
[23:33:00] GET /api/blocklog
[23:33:03] POST /api/blocklist
[23:33:03] Blocklist loaded: 1 entries
[23:33:04] GET /api/blocklist
[23:33:04] GET /api/proxy/stats
[23:33:04] GET /api/proxy/stats
[23:33:05] GET /api/blocklog
[23:33:10] GET /api/proxy/stats
[23:33:10] GET /api/blocklog
[23:33:15] GET /api/proxy/stats
[23:33:15] GET /api/blocklog
[23:33:20] GET /api/proxy/stats
[23:33:20] GET /api/blocklog
[23:33:24] GET /api/proxy/stats
[23:33:25] GET /api/blocklog
[23:33:30] GET /api/proxy/stats
[23:33:30] GET /api/blocklog
[23:33:33] POST /api/blocklist
[23:33:33] Blocklist loaded: 8 entries
[23:33:33] GET /api/blocklist
[23:33:33] GET /api/proxy/stats
[23:33:34] GET /api/proxy/stats
[23:33:34] GET /api/blocklog
[23:33:40] GET /api/proxy/stats
[23:33:40] GET /api/blocklog
[23:33:45] GET /api/proxy/stats
[23:33:45] GET /api/blocklog
[23:33:50] GET /api/proxy/stats
[23:33:50] GET /api/blocklog
[23:33:55] GET /api/proxy/stats
[23:33:55] GET /api/blocklog
[23:34:00] GET /api/proxy/stats
[23:34:00] GET /api/blocklog
[23:34:05] GET /api/proxy/stats
[23:34:05] GET /api/blocklog
[23:34:09] GET /api/proxy/stats
[23:34:09] GET /api/blocklog
[23:34:14] GET /api/proxy/stats
[23:34:15] GET /api/blocklog
[23:34:19] GET /api/proxy/stats
[23:34:20] GET /api/blocklog
[23:34:25] GET /api/proxy/stats
[23:34:25] GET /api/blocklog
[23:34:25] GET /api/notes/tasks

=== Crocus server started at 2026-09-12 23:35:29 ===
[23:35:29] Starting on port 8000 (proxy 8080)
[23:35:29] Another instance already running on port 8000
[23:35:30] Server shutting down.
[23:35:33] GET /
[23:35:33] GET /fa/css/all.min.css
[23:35:33] GET /style.css
[23:35:33] GET /fa/webfonts/fa-solid-900.woff2
[23:35:33] GET /fa/webfonts/fa-regular-400.woff2
[23:35:33] GET /quotes.js
[23:35:33] GET /script.js
[23:35:34] GET /api/notes
[23:35:34] GET /api/notes
[23:35:34] GET /api/notes/tasks
[23:35:47] GET /api/notes
[23:35:47] GET /api/notes/tasks
[23:35:49] GET /api/notes/tasks
[23:35:51] GET /api/blocklist
[23:35:52] GET /api/proxy/stats
[23:35:52] GET /api/blocklog
[23:35:55] GET /api/notes
[23:35:56] GET /api/notes/tasks
[23:36:21] GET /api/notes
[23:36:21] GET /api/notes/tasks

=== Crocus server started at 2026-09-12 23:37:50 ===
[23:37:50] Starting on port 8000 (proxy 8080)
[23:37:50] Another instance already running on port 8000
[23:37:50] Server shutting down.
[23:37:51] GET /
[23:37:52] GET /fa/css/all.min.css
[23:37:52] GET /style.css
[23:37:52] GET /quotes.js
[23:37:52] GET /script.js
[23:37:52] GET /fa/webfonts/fa-solid-900.woff2
[23:37:52] GET /fa/webfonts/fa-regular-400.woff2
[23:37:52] GET /api/notes
[23:37:53] GET /api/notes
[23:37:53] GET /api/notes/tasks
[23:38:02] GET /api/blocklist
[23:38:06] GET /api/blocklist
[23:38:06] POST /api/blocklist
[23:38:06] Blocklist loaded: 8 entries

=== Crocus server started at 2026-09-12 23:40:03 ===
[23:40:03] Starting on port 8000 (proxy 8080)
[23:40:04] Blocklist loaded: 8 entries
[23:40:04] Listening on http://localhost:8000
[23:40:04] Proxy listening on http://localhost:8080

=== Crocus server started at 2026-09-12 23:40:11 ===
[23:40:11] Starting on port 8000 (proxy 8080)
[23:40:11] Another instance already running on port 8000
[23:40:11] Server shutting down.
[23:40:20] GET /
[23:40:20] GET /
[23:40:20] GET /fa/css/all.min.css
[23:40:21] GET /style.css
[23:40:21] GET /fa/css/all.min.css
[23:40:21] GET /quotes.js
[23:40:21] GET /script.js
[23:40:21] GET /style.css
[23:40:21] GET /quotes.js
[23:40:21] GET /script.js
[23:40:22] GET /fa/webfonts/fa-solid-900.woff2
[23:40:22] GET /fa/webfonts/fa-regular-400.woff2
[23:40:22] GET /api/notes
[23:40:23] GET /api/notes
[23:40:23] GET /api/notes/tasks
[23:40:25] GET /api/notes
[23:40:26] GET /fa/webfonts/fa-solid-900.woff2
[23:40:26] GET /fa/webfonts/fa-regular-400.woff2
[23:40:26] GET /api/notes
[23:40:26] GET /api/notes/tasks
[23:40:41] GET /api/notes
[23:40:41] GET /api/notes/tasks
[23:40:44] GET /api/notes/tasks
[23:40:48] GET /api/blocklist
[23:40:48] GET /api/proxy/stats
[23:40:48] GET /api/blocklog
[23:40:53] GET /api/proxy/stats
[23:40:53] GET /api/blocklog
[23:40:58] GET /api/proxy/stats
[23:40:58] GET /api/blocklog

=== Crocus server started at 2026-09-13 12:12:57 ===
[12:12:57] Starting on port 8000 (proxy 8080)
[12:12:58] Blocklist loaded: 8 entries
[12:12:58] Listening on http://localhost:8000
[12:12:58] Proxy listening on http://localhost:8080
[12:12:59] GET /
[12:12:59] GET /fa/css/all.min.css
[12:13:00] GET /style.css
[12:13:00] GET /quotes.js
[12:13:00] GET /script.js
[12:13:00] GET /fa/webfonts/fa-solid-900.woff2
[12:13:00] GET /fa/webfonts/fa-regular-400.woff2
[12:13:01] GET /api/notes
[12:13:01] GET /api/notes
[12:13:01] GET /api/notes/tasks
[12:13:02] GET /api/blocklist
[12:13:08] GET /api/blocklist
[12:13:09] POST /api/blocklist
[12:13:09] Blocklist loaded: 8 entries
[12:13:33] GET /fa/css/all.min.css
[12:13:33] GET /style.css
[12:17:03] PROXY localhost:8080 /
[12:17:04] PROXY localhost:8080 /
[12:17:05] PROXY localhost:8080 /
[12:17:06] PROXY localhost:8080 /
[12:17:07] PROXY localhost:8080 /
[12:17:08] PROXY localhost:8080 /
[12:17:09] PROXY localhost:8080 /
[12:17:10] PROXY localhost:8080 /
[12:17:11] PROXY localhost:8080 /
[12:17:12] PROXY localhost:8080 /
[12:17:13] PROXY localhost:8080 /
[12:17:14] PROXY localhost:8080 /
[12:17:15] PROXY localhost:8080 /
[12:17:16] PROXY localhost:8080 /
[12:17:17] PROXY localhost:8080 /
[12:17:18] PROXY localhost:8080 /
[12:17:19] PROXY localhost:8080 /
[12:17:20] PROXY localhost:8080 /
[12:17:21] PROXY localhost:8080 /
[12:17:22] PROXY localhost:8080 /
[12:17:23] PROXY localhost:8080 /
[12:17:24] PROXY localhost:8080 /
[12:17:25] PROXY localhost:8080 /
[12:17:26] PROXY localhost:8080 /
[12:17:28] PROXY localhost:8080 /
[12:17:29] PROXY localhost:8080 /
[12:17:30] PROXY localhost:8080 /
[12:17:31] PROXY localhost:8080 /
[12:17:32] PROXY localhost:8080 /
[12:17:33] PROXY localhost:8080 /
[12:17:34] PROXY localhost:8080 /
[12:17:35] PROXY localhost:8080 /
[12:17:36] PROXY localhost:8080 /
[12:17:37] PROXY localhost:8080 /
[12:17:38] PROXY localhost:8080 /
[12:17:39] PROXY localhost:8080 /
[12:17:40] PROXY localhost:8080 /
[12:17:41] PROXY localhost:8080 /
[12:17:42] PROXY localhost:8080 /
[12:17:43] PROXY localhost:8080 /
[12:17:44] PROXY localhost:8080 /
[12:17:45] PROXY localhost:8080 /
[12:17:46] PROXY localhost:8080 /
[12:17:47] PROXY localhost:8080 /
[12:17:48] PROXY localhost:8080 /
[12:17:49] PROXY localhost:8080 /
[12:17:50] PROXY localhost:8080 /
[12:17:51] PROXY localhost:8080 /
[12:17:52] PROXY localhost:8080 /
[12:17:53] PROXY localhost:8080 /
[12:17:54] PROXY localhost:8080 /
[12:17:55] PROXY localhost:8080 /
[12:17:56] PROXY localhost:8080 /
[12:17:57] PROXY localhost:8080 /
[12:17:58] PROXY localhost:8080 /
[12:17:59] PROXY localhost:8080 /
[12:18:00] PROXY localhost:8080 /
[12:18:01] PROXY localhost:8080 /
[12:18:02] PROXY localhost:8080 /
[12:18:03] PROXY localhost:8080 /
[12:18:04] PROXY localhost:8080 /
[12:18:05] PROXY localhost:8080 /
[12:18:06] PROXY localhost:8080 /
[12:18:06] BLOCK youtube.com
[12:18:07] PROXY localhost:8080 /
[12:18:08] PROXY localhost:8080 /
[12:18:09] PROXY localhost:8080 /
[12:18:10] PROXY localhost:8080 /
[12:18:11] PROXY localhost:8080 /
[12:18:12] PROXY localhost:8080 /
[12:18:13] PROXY localhost:8080 /
[12:18:14] PROXY localhost:8080 /
[12:18:15] PROXY localhost:8080 /
[12:18:16] PROXY localhost:8080 /
[12:18:17] PROXY localhost:8080 /
[12:18:18] PROXY localhost:8080 /
[12:18:19] PROXY localhost:8080 /
[12:18:20] PROXY localhost:8080 /
[12:18:21] PROXY localhost:8080 /
[12:18:22] PROXY localhost:8080 /
[12:18:23] PROXY localhost:8080 /
[12:18:24] PROXY localhost:8080 /
[12:18:25] PROXY localhost:8080 /
[12:18:26] PROXY localhost:8080 /
[12:18:27] PROXY localhost:8080 /
[12:18:28] PROXY localhost:8080 /
[12:18:29] PROXY localhost:8080 /
[12:18:30] PROXY localhost:8080 /
[12:18:31] PROXY localhost:8080 /
[12:18:32] PROXY localhost:8080 /
[12:18:33] PROXY localhost:8080 /
[12:18:34] PROXY localhost:8080 /
[12:18:35] PROXY localhost:8080 /
[12:18:36] PROXY localhost:8080 /
[12:18:37] PROXY localhost:8080 /
[12:18:38] PROXY localhost:8080 /
[12:18:39] PROXY localhost:8080 /
[12:18:40] PROXY localhost:8080 /
[12:18:41] PROXY localhost:8080 /
[12:18:42] PROXY localhost:8080 /
[12:18:43] PROXY localhost:8080 /
[12:18:44] PROXY localhost:8080 /
[12:18:45] PROXY localhost:8080 /
[12:18:46] PROXY localhost:8080 /
[12:18:47] PROXY localhost:8080 /
[12:18:48] PROXY localhost:8080 /
[12:18:49] PROXY localhost:8080 /
[12:18:50] PROXY localhost:8080 /
[12:18:51] PROXY localhost:8080 /
[12:18:52] PROXY localhost:8080 /
[12:18:53] PROXY localhost:8080 /
[12:18:54] PROXY localhost:8080 /
[12:18:55] PROXY localhost:8080 /
[12:18:56] PROXY localhost:8080 /
[12:18:57] PROXY localhost:8080 /
[12:18:58] PROXY localhost:8080 /
[12:18:59] PROXY localhost:8080 /
[12:19:00] PROXY localhost:8080 /
[12:19:01] PROXY localhost:8080 /
[12:19:02] PROXY localhost:8080 /
[12:19:03] PROXY localhost:8080 /
[12:19:04] PROXY localhost:8080 /
[12:19:05] PROXY localhost:8080 /
[12:19:06] PROXY localhost:8080 /
[12:19:07] PROXY localhost:8080 /
[12:19:08] PROXY localhost:8080 /
[12:19:09] PROXY localhost:8080 /
[12:19:10] PROXY localhost:8080 /
[12:19:11] PROXY localhost:8080 /
[12:19:12] PROXY localhost:8080 /
[12:19:13] PROXY localhost:8080 /
[12:19:14] PROXY localhost:8080 /
[12:19:15] PROXY localhost:8080 /
[12:19:16] PROXY localhost:8080 /
[12:19:17] PROXY localhost:8080 /
[12:19:18] PROXY localhost:8080 /
[12:19:19] PROXY localhost:8080 /
[12:19:20] PROXY localhost:8080 /
[12:19:21] PROXY localhost:8080 /
[12:19:23] PROXY localhost:8080 /
[12:19:24] PROXY localhost:8080 /
[12:19:25] PROXY localhost:8080 /
[12:19:26] PROXY localhost:8080 /
[12:19:27] PROXY localhost:8080 /
[12:19:28] PROXY localhost:8080 /
[12:19:29] PROXY localhost:8080 /
[12:19:30] PROXY localhost:8080 /
[12:19:31] PROXY localhost:8080 /
[12:19:32] PROXY localhost:8080 /
[12:19:33] PROXY localhost:8080 /
[12:19:34] PROXY localhost:8080 /
[12:19:35] PROXY localhost:8080 /
[12:19:36] PROXY localhost:8080 /
[12:19:37] PROXY localhost:8080 /
[12:19:38] PROXY localhost:8080 /
[12:19:39] PROXY localhost:8080 /
[12:19:40] PROXY localhost:8080 /
[12:19:41] PROXY localhost:8080 /
[12:19:42] PROXY localhost:8080 /
[12:19:43] PROXY localhost:8080 /
[12:19:44] PROXY localhost:8080 /
[12:19:45] PROXY localhost:8080 /
[12:19:46] PROXY localhost:8080 /
[12:19:47] PROXY localhost:8080 /
[12:19:49] PROXY localhost:8080 /
[12:19:50] PROXY localhost:8080 /
[12:19:51] PROXY localhost:8080 /
[12:19:52] PROXY localhost:8080 /
[12:19:53] PROXY localhost:8080 /
[12:19:54] PROXY localhost:8080 /
[12:19:55] PROXY localhost:8080 /
[12:19:56] PROXY localhost:8080 /
[12:19:57] PROXY localhost:8080 /
[12:19:58] PROXY localhost:8080 /
[12:19:59] PROXY localhost:8080 /
[12:20:00] PROXY localhost:8080 /
[12:20:01] PROXY localhost:8080 /
[12:20:02] PROXY localhost:8080 /
[12:20:03] PROXY localhost:8080 /
[12:20:05] PROXY localhost:8080 /
[12:20:06] PROXY localhost:8080 /
[12:20:07] PROXY localhost:8080 /
[12:20:08] PROXY localhost:8080 /
[12:20:09] PROXY localhost:8080 /
[12:20:10] PROXY localhost:8080 /
[12:20:11] PROXY localhost:8080 /
[12:20:12] PROXY localhost:8080 /
[12:20:13] PROXY localhost:8080 /
[12:20:14] PROXY localhost:8080 /
[12:20:15] PROXY localhost:8080 /
[12:20:16] PROXY localhost:8080 /
[12:20:17] PROXY localhost:8080 /
[12:20:18] PROXY localhost:8080 /
[12:20:19] PROXY localhost:8080 /
[12:20:20] PROXY localhost:8080 /
[12:20:21] PROXY localhost:8080 /
[12:20:22] PROXY localhost:8080 /
[12:20:23] PROXY localhost:8080 /
[12:20:24] PROXY localhost:8080 /
[12:20:25] PROXY localhost:8080 /
[12:20:26] PROXY localhost:8080 /
[12:20:27] PROXY localhost:8080 /
[12:20:28] PROXY localhost:8080 /
[12:20:29] PROXY localhost:8080 /
[12:20:30] PROXY localhost:8080 /
[12:20:31] PROXY localhost:8080 /
[12:20:32] PROXY localhost:8080 /
[12:20:33] PROXY localhost:8080 /
[12:20:34] PROXY localhost:8080 /
[12:20:35] PROXY localhost:8080 /
[12:20:36] PROXY localhost:8080 /
[12:20:37] PROXY localhost:8080 /
[12:20:38] PROXY localhost:8080 /
[12:20:39] PROXY localhost:8080 /
[12:20:40] PROXY localhost:8080 /
[12:20:41] PROXY localhost:8080 /
[12:20:42] PROXY localhost:8080 /
[12:20:43] PROXY localhost:8080 /
[12:20:44] PROXY localhost:8080 /
[12:20:45] PROXY localhost:8080 /
[12:20:46] PROXY localhost:8080 /
[12:20:47] PROXY localhost:8080 /
[12:20:48] PROXY localhost:8080 /
[12:20:49] PROXY localhost:8080 /
[12:20:50] PROXY localhost:8080 /
[12:20:51] PROXY localhost:8080 /
[12:20:52] PROXY localhost:8080 /
[12:20:53] PROXY localhost:8080 /
[12:20:54] PROXY localhost:8080 /
[12:20:55] PROXY localhost:8080 /
[12:20:57] PROXY localhost:8080 /
[12:20:58] PROXY localhost:8080 /
[12:20:59] PROXY localhost:8080 /
[12:21:00] PROXY localhost:8080 /
[12:21:01] PROXY localhost:8080 /
[12:21:02] PROXY localhost:8080 /
[12:21:03] PROXY localhost:8080 /
[12:21:04] PROXY localhost:8080 /
[12:21:05] PROXY localhost:8080 /
[12:21:06] PROXY localhost:8080 /
[12:21:07] PROXY localhost:8080 /
[12:21:08] PROXY localhost:8080 /
[12:21:09] PROXY localhost:8080 /
[12:21:10] PROXY localhost:8080 /
[12:21:11] PROXY localhost:8080 /
[12:21:12] PROXY localhost:8080 /
[12:21:13] PROXY localhost:8080 /
[12:21:14] PROXY localhost:8080 /
[12:21:15] PROXY localhost:8080 /
[12:21:16] PROXY localhost:8080 /
[12:21:18] PROXY localhost:8080 /
[12:21:19] PROXY localhost:8080 /
[12:21:20] PROXY localhost:8080 /
[12:21:21] PROXY localhost:8080 /
[12:21:22] PROXY localhost:8080 /
[12:21:23] PROXY localhost:8080 /
[12:21:24] PROXY localhost:8080 /
[12:21:25] PROXY localhost:8080 /
[12:21:26] PROXY localhost:8080 /
[12:21:27] PROXY localhost:8080 /
[12:21:28] PROXY localhost:8080 /
[12:21:29] PROXY localhost:8080 /
[12:21:30] PROXY localhost:8080 /
[12:21:31] PROXY localhost:8080 /
[12:21:32] PROXY localhost:8080 /
[12:21:33] PROXY localhost:8080 /
[12:21:34] PROXY localhost:8080 /
[12:21:35] PROXY localhost:8080 /
[12:21:36] PROXY localhost:8080 /
[12:21:37] PROXY localhost:8080 /
[12:21:38] PROXY localhost:8080 /
[12:21:39] PROXY localhost:8080 /
[12:21:40] PROXY localhost:8080 /
[12:21:41] PROXY localhost:8080 /
[12:21:42] PROXY localhost:8080 /
[12:21:43] PROXY localhost:8080 /
[12:21:44] PROXY localhost:8080 /
[12:21:45] PROXY localhost:8080 /
[12:21:46] PROXY localhost:8080 /
[12:21:47] PROXY localhost:8080 /
[12:21:48] PROXY localhost:8080 /
[12:21:49] PROXY localhost:8080 /
[12:21:50] PROXY localhost:8080 /
[12:21:51] PROXY localhost:8080 /
[12:21:52] PROXY localhost:8080 /
[12:21:53] PROXY localhost:8080 /
[12:21:54] PROXY localhost:8080 /
[12:21:55] PROXY localhost:8080 /
[12:21:56] PROXY localhost:8080 /
[12:21:57] PROXY localhost:8080 /
[12:21:58] PROXY localhost:8080 /
[12:21:59] PROXY localhost:8080 /
[12:22:00] PROXY localhost:8080 /
[12:22:01] PROXY localhost:8080 /
[12:22:02] PROXY localhost:8080 /
[12:22:03] PROXY localhost:8080 /
[12:22:04] PROXY localhost:8080 /
[12:22:05] PROXY localhost:8080 /
[12:22:06] PROXY localhost:8080 /
[12:22:07] PROXY localhost:8080 /
[12:22:08] PROXY localhost:8080 /
[12:22:09] PROXY localhost:8080 /
[12:22:10] PROXY localhost:8080 /
[12:22:11] PROXY localhost:8080 /
[12:22:12] PROXY localhost:8080 /
[12:22:13] PROXY localhost:8080 /
[12:22:14] PROXY localhost:8080 /
[12:22:15] PROXY localhost:8080 /
[12:22:16] PROXY localhost:8080 /
[12:22:17] PROXY localhost:8080 /
[12:22:18] PROXY localhost:8080 /
[12:22:19] PROXY localhost:8080 /
[12:22:20] PROXY localhost:8080 /
[12:22:21] PROXY localhost:8080 /
[12:22:22] PROXY localhost:8080 /
[12:22:23] PROXY localhost:8080 /
[12:22:24] PROXY localhost:8080 /
[12:22:25] PROXY localhost:8080 /
[12:22:26] PROXY localhost:8080 /
[12:22:28] PROXY localhost:8080 /
[12:22:29] PROXY localhost:8080 /
[12:22:30] PROXY localhost:8080 /
[12:22:31] PROXY localhost:8080 /
[12:22:32] PROXY localhost:8080 /
[12:22:33] PROXY localhost:8080 /
[12:22:34] PROXY localhost:8080 /
[12:22:35] PROXY localhost:8080 /
[12:22:36] PROXY localhost:8080 /
[12:22:37] PROXY localhost:8080 /
[12:22:38] PROXY localhost:8080 /
[12:22:39] PROXY localhost:8080 /
[12:22:40] PROXY localhost:8080 /
[12:22:41] PROXY localhost:8080 /
[12:22:42] PROXY localhost:8080 /
[12:22:43] PROXY localhost:8080 /
[12:22:44] PROXY localhost:8080 /
[12:22:45] PROXY localhost:8080 /
[12:22:47] PROXY localhost:8080 /
[12:22:48] PROXY localhost:8080 /
[12:22:49] PROXY localhost:8080 /
[12:22:50] PROXY localhost:8080 /
[12:22:51] PROXY localhost:8080 /
[12:22:52] PROXY localhost:8080 /
[12:22:53] PROXY localhost:8080 /
[12:22:54] PROXY localhost:8080 /
[12:22:55] PROXY localhost:8080 /
[12:22:56] PROXY localhost:8080 /
[12:22:57] PROXY localhost:8080 /
[12:22:58] PROXY localhost:8080 /
[12:22:59] PROXY localhost:8080 /
[12:23:00] PROXY localhost:8080 /
[12:23:01] PROXY localhost:8080 /
[12:23:02] PROXY localhost:8080 /
[12:23:03] PROXY localhost:8080 /
[12:23:04] PROXY localhost:8080 /
[12:23:05] PROXY localhost:8080 /
[12:23:06] PROXY localhost:8080 /
[12:23:07] PROXY localhost:8080 /
[12:23:08] PROXY localhost:8080 /
[12:23:09] PROXY localhost:8080 /
[12:23:10] PROXY localhost:8080 /
[12:23:11] PROXY localhost:8080 /
[12:23:12] PROXY localhost:8080 /
[12:23:13] PROXY localhost:8080 /
[12:23:14] PROXY localhost:8080 /
[12:23:15] PROXY localhost:8080 /
[12:23:16] PROXY localhost:8080 /
[12:23:17] PROXY localhost:8080 /
[12:23:18] PROXY localhost:8080 /
[12:23:19] PROXY localhost:8080 /
[12:23:20] PROXY localhost:8080 /
[12:23:21] PROXY localhost:8080 /
[12:23:22] PROXY localhost:8080 /
[12:23:23] PROXY localhost:8080 /
[12:23:24] PROXY localhost:8080 /
[12:23:25] PROXY localhost:8080 /
[12:23:26] PROXY localhost:8080 /
[12:23:27] PROXY localhost:8080 /
[12:23:28] PROXY localhost:8080 /
[12:23:29] PROXY localhost:8080 /
[12:23:30] PROXY localhost:8080 /
[12:23:31] PROXY localhost:8080 /
[12:23:32] PROXY localhost:8080 /
[12:23:33] PROXY localhost:8080 /
[12:23:34] PROXY localhost:8080 /
[12:23:35] PROXY localhost:8080 /
[12:23:36] PROXY localhost:8080 /
[12:23:37] PROXY localhost:8080 /
[12:23:38] PROXY localhost:8080 /
[12:23:39] PROXY localhost:8080 /
[12:23:40] PROXY localhost:8080 /
[12:23:41] PROXY localhost:8080 /
[12:23:42] PROXY localhost:8080 /
[12:23:43] PROXY localhost:8080 /
[12:23:44] PROXY localhost:8080 /
[12:23:45] PROXY localhost:8080 /
[12:23:46] PROXY localhost:8080 /
[12:23:47] PROXY localhost:8080 /
[12:23:48] PROXY localhost:8080 /
[12:23:49] PROXY localhost:8080 /
[12:23:50] PROXY localhost:8080 /
[12:23:51] PROXY localhost:8080 /
[12:23:52] PROXY localhost:8080 /
[12:23:53] PROXY localhost:8080 /
[12:23:54] PROXY localhost:8080 /
[12:23:55] PROXY localhost:8080 /
[12:23:56] PROXY localhost:8080 /
[12:23:57] PROXY localhost:8080 /
[12:23:58] PROXY localhost:8080 /
[12:23:59] PROXY localhost:8080 /
[12:24:00] PROXY localhost:8080 /
[12:24:01] PROXY localhost:8080 /
[12:24:02] PROXY localhost:8080 /
[12:24:03] PROXY localhost:8080 /
[12:24:04] PROXY localhost:8080 /
[12:24:05] PROXY localhost:8080 /
[12:24:06] PROXY localhost:8080 /
[12:24:07] PROXY localhost:8080 /
[12:24:08] PROXY localhost:8080 /
[12:24:09] PROXY localhost:8080 /
[12:24:10] PROXY localhost:8080 /
[12:24:11] PROXY localhost:8080 /
[12:24:12] PROXY localhost:8080 /
[12:24:14] PROXY localhost:8080 /
[12:24:15] PROXY localhost:8080 /
[12:24:16] PROXY localhost:8080 /
[12:24:17] PROXY localhost:8080 /
[12:24:18] PROXY localhost:8080 /
[12:24:19] PROXY localhost:8080 /
[12:24:20] PROXY localhost:8080 /
[12:24:21] PROXY localhost:8080 /
[12:24:22] PROXY localhost:8080 /
[12:24:23] PROXY localhost:8080 /
[12:24:24] PROXY localhost:8080 /
[12:24:25] PROXY localhost:8080 /
[12:24:26] PROXY localhost:8080 /
[12:24:27] PROXY localhost:8080 /
[12:24:28] PROXY localhost:8080 /
[12:24:29] PROXY localhost:8080 /
[12:24:30] PROXY localhost:8080 /
[12:24:31] PROXY localhost:8080 /
[12:24:32] PROXY localhost:8080 /
[12:24:33] PROXY localhost:8080 /
[12:24:34] PROXY localhost:8080 /
[12:24:35] PROXY localhost:8080 /
[12:24:36] PROXY localhost:8080 /
[12:24:37] PROXY localhost:8080 /
[12:24:38] PROXY localhost:8080 /
[12:24:39] PROXY localhost:8080 /
[12:24:40] PROXY localhost:8080 /
[12:24:41] PROXY localhost:8080 /
[12:24:42] PROXY localhost:8080 /
[12:24:43] PROXY localhost:8080 /
[12:24:44] PROXY localhost:8080 /
[12:24:45] PROXY localhost:8080 /
[12:24:46] PROXY localhost:8080 /
[12:24:47] PROXY localhost:8080 /
[12:24:48] PROXY localhost:8080 /
[12:24:49] PROXY localhost:8080 /
[12:24:50] PROXY localhost:8080 /
[12:24:51] PROXY localhost:8080 /
[12:24:52] PROXY localhost:8080 /
[12:24:53] PROXY localhost:8080 /
[12:24:54] PROXY localhost:8080 /
[12:24:55] PROXY localhost:8080 /
[12:24:56] PROXY localhost:8080 /
[12:24:57] PROXY localhost:8080 /
[12:24:58] PROXY localhost:8080 /
[12:24:59] PROXY localhost:8080 /
[12:25:00] PROXY localhost:8080 /
[12:25:01] PROXY localhost:8080 /
[12:25:02] PROXY localhost:8080 /
[12:25:03] PROXY localhost:8080 /
[12:25:04] PROXY localhost:8080 /
[12:25:05] PROXY localhost:8080 /
[12:25:06] PROXY localhost:8080 /
[12:25:07] PROXY localhost:8080 /
[12:25:08] PROXY localhost:8080 /
[12:25:09] PROXY localhost:8080 /
[12:25:10] PROXY localhost:8080 /
[12:25:11] PROXY localhost:8080 /
[12:25:12] PROXY localhost:8080 /
[12:25:13] PROXY localhost:8080 /
[12:25:14] PROXY localhost:8080 /
[12:25:15] PROXY localhost:8080 /
[12:25:16] PROXY localhost:8080 /
[12:25:17] PROXY localhost:8080 /
[12:25:18] PROXY localhost:8080 /
[12:25:19] PROXY localhost:8080 /
[12:25:20] PROXY localhost:8080 /
[12:25:21] PROXY localhost:8080 /
[12:25:22] PROXY localhost:8080 /
[12:25:23] PROXY localhost:8080 /
[12:25:24] PROXY localhost:8080 /
[12:25:25] PROXY localhost:8080 /
[12:25:25] CONNECT www.google.com:443
[12:25:26] CONNECT www.google.com:443
[12:25:26] CONNECT relay-ed6450c2.net.anydesk.com:443
[12:25:26] PROXY localhost:8080 /
[12:25:27] CONNECT gator.volces.com:443
[12:25:27] CONNECT relay-7ef33ce3.net.anydesk.com:443
[12:25:27] CONNECT gator.volces.com:443
[12:25:27] PROXY localhost:8080 /
[12:25:28] PROXY localhost:8080 /
[12:25:29] PROXY localhost:8080 /
[12:25:30] PROXY localhost:8080 /
[12:25:31] PROXY localhost:8080 /
[12:25:32] PROXY localhost:8080 /
[12:25:33] CONNECT android.clients.google.com:443
[12:25:33] CONNECT android.clients.google.com:443
[12:25:33] PROXY localhost:8080 /
[12:25:34] CONNECT gator.volces.com:443
[12:25:34] BLOCK CONNECT www.youtube.com
[12:25:34] CONNECT fonts.googleapis.com:443
[12:25:34] CONNECT fonts.gstatic.com:443
[12:25:34] CONNECT gator.volces.com:443
[12:25:34] BLOCK CONNECT www.youtube.com
[12:25:35] PROXY localhost:8080 /
[12:25:35] BLOCK CONNECT www.youtube.com
[12:25:36] CONNECT safebrowsing.googleapis.com:443
[12:25:36] CONNECT i.ytimg.com:443
[12:25:36] CONNECT safebrowsing.googleapis.com:443
[12:25:36] PROXY localhost:8080 /
[12:25:36] CONNECT fonts.gstatic.com:443
[12:25:37] PROXY localhost:8080 /
[12:25:38] PROXY localhost:8080 /
[12:25:39] PROXY localhost:8080 /
[12:25:39] CONNECT googleads.g.doubleclick.net:443
[12:25:39] CONNECT googleads.g.doubleclick.net:443
[12:25:40] BLOCK CONNECT www.youtube.com
[12:25:40] BLOCK CONNECT www.youtube.com
[12:25:40] BLOCK CONNECT www.youtube.com
[12:25:40] PROXY localhost:8080 /
[12:25:41] BLOCK CONNECT www.youtube.com
[12:25:41] BLOCK CONNECT www.youtube.com
[12:25:41] BLOCK CONNECT www.youtube.com
[12:25:41] BLOCK CONNECT www.youtube.com
[12:25:41] PROXY localhost:8080 /
[12:25:41] BLOCK CONNECT www.youtube.com
[12:25:41] BLOCK CONNECT www.youtube.com
[12:25:41] BLOCK CONNECT www.youtube.com
[12:25:41] BLOCK CONNECT www.youtube.com
[12:25:41] BLOCK CONNECT www.youtube.com
[12:25:42] BLOCK CONNECT www.youtube.com
[12:25:42] PROXY localhost:8080 /
[12:25:42] BLOCK CONNECT www.youtube.com
[12:25:43] BLOCK CONNECT www.youtube.com
[12:25:43] BLOCK CONNECT www.youtube.com
[12:25:43] PROXY localhost:8080 /
[12:25:44] PROXY localhost:8080 /
[12:25:45] PROXY localhost:8080 /
[12:25:46] CONNECT clients4.google.com:443
[12:25:46] PROXY localhost:8080 /
[12:25:46] CONNECT clients4.google.com:443
[12:25:47] PROXY localhost:8080 /
[12:25:48] PROXY localhost:8080 /
[12:25:49] PROXY localhost:8080 /
[12:25:50] BLOCK CONNECT www.youtube.com
[12:25:50] PROXY localhost:8080 /
[12:25:50] BLOCK CONNECT www.youtube.com
[12:25:51] PROXY localhost:8080 /
[12:25:52] PROXY localhost:8080 /
[12:25:53] PROXY localhost:8080 /
[12:25:54] PROXY localhost:8080 /
[12:25:55] PROXY localhost:8080 /
[12:25:56] PROXY localhost:8080 /
[12:25:57] PROXY localhost:8080 /
[12:25:58] PROXY localhost:8080 /
[12:25:58] CONNECT relay-7ef33ce3.net.anydesk.com:443
[12:25:59] PROXY localhost:8080 /
[12:26:00] PROXY localhost:8080 /
[12:26:01] PROXY localhost:8080 /
[12:26:02] PROXY localhost:8080 /
[12:26:03] PROXY localhost:8080 /
[12:26:04] PROXY localhost:8080 /
[12:26:05] PROXY localhost:8080 /
[12:26:06] PROXY localhost:8080 /
[12:26:07] PROXY localhost:8080 /
[12:26:08] PROXY localhost:8080 /
[12:26:09] PROXY localhost:8080 /
[12:26:10] PROXY localhost:8080 /
[12:26:11] PROXY localhost:8080 /
[12:26:12] PROXY localhost:8080 /
[12:26:13] PROXY localhost:8080 /
[12:26:14] PROXY localhost:8080 /
[12:26:15] PROXY localhost:8080 /
[12:26:16] PROXY localhost:8080 /
[12:26:17] PROXY localhost:8080 /
[12:26:18] PROXY localhost:8080 /
[12:26:19] PROXY localhost:8080 /
[12:26:20] PROXY localhost:8080 /
[12:26:21] PROXY localhost:8080 /
[12:26:22] PROXY localhost:8080 /
[12:26:23] PROXY localhost:8080 /
[12:26:24] PROXY localhost:8080 /
[12:26:25] PROXY localhost:8080 /
[12:26:26] PROXY localhost:8080 /
[12:26:27] PROXY localhost:8080 /
[12:26:28] PROXY localhost:8080 /
[12:26:29] PROXY localhost:8080 /
[12:26:30] CONNECT relay-7ef33ce3.net.anydesk.com:443
[12:26:30] PROXY localhost:8080 /
[12:26:31] PROXY localhost:8080 /
[12:26:32] PROXY localhost:8080 /
[12:26:33] PROXY localhost:8080 /
[12:26:34] PROXY localhost:8080 /
[12:26:35] PROXY localhost:8080 /
[12:26:37] PROXY localhost:8080 /
[12:26:38] PROXY localhost:8080 /
[12:26:39] PROXY localhost:8080 /
[12:26:40] PROXY localhost:8080 /
[12:26:41] PROXY localhost:8080 /
[12:26:42] CONNECT gator.volces.com:443
[12:26:42] PROXY localhost:8080 /
[12:26:42] CONNECT gator.volces.com:443
[12:26:43] PROXY localhost:8080 /
[12:26:44] PROXY localhost:8080 /
[12:26:45] PROXY localhost:8080 /
[12:26:46] PROXY localhost:8080 /
[12:26:47] PROXY localhost:8080 /
[12:26:48] PROXY localhost:8080 /
[12:26:49] PROXY localhost:8080 /
[12:26:50] PROXY localhost:8080 /
[12:26:51] PROXY localhost:8080 /
[12:26:52] PROXY localhost:8080 /
[12:26:53] PROXY localhost:8080 /
[12:26:54] PROXY localhost:8080 /
[12:26:54] CONNECT www.google.com:443
[12:26:55] PROXY localhost:8080 /
[12:26:56] PROXY localhost:8080 /
[12:26:57] PROXY localhost:8080 /
[12:26:58] PROXY localhost:8080 /
[12:26:59] PROXY localhost:8080 /
[12:27:00] PROXY localhost:8080 /
[12:27:01] PROXY localhost:8080 /
[12:27:01] CONNECT relay-7ef33ce3.net.anydesk.com:443
[12:27:02] PROXY localhost:8080 /
[12:27:03] PROXY localhost:8080 /
[12:27:04] PROXY localhost:8080 /
[12:27:05] PROXY localhost:8080 /
[12:27:06] PROXY localhost:8080 /
[12:27:07] PROXY localhost:8080 /
[12:27:08] PROXY localhost:8080 /
[12:27:09] PROXY localhost:8080 /
[12:27:10] PROXY localhost:8080 /
[12:27:11] PROXY localhost:8080 /
[12:27:12] PROXY localhost:8080 /
[12:27:13] PROXY localhost:8080 /
[12:27:14] PROXY localhost:8080 /
[12:27:15] PROXY localhost:8080 /
[12:27:16] PROXY localhost:8080 /
[12:27:17] PROXY localhost:8080 /
[12:27:18] PROXY localhost:8080 /
[12:27:19] PROXY localhost:8080 /
[12:27:20] PROXY localhost:8080 /
[12:27:21] PROXY localhost:8080 /
[12:27:22] PROXY localhost:8080 /
[12:27:23] PROXY localhost:8080 /
[12:27:24] PROXY localhost:8080 /
[12:27:25] PROXY localhost:8080 /
[12:27:26] PROXY localhost:8080 /
[12:27:27] PROXY localhost:8080 /
[12:27:28] PROXY localhost:8080 /
[12:27:29] PROXY localhost:8080 /
[12:27:30] PROXY localhost:8080 /
[12:27:31] PROXY localhost:8080 /
[12:27:32] PROXY localhost:8080 /
[12:27:33] CONNECT relay-7ef33ce3.net.anydesk.com:443
[12:27:33] PROXY localhost:8080 /
[12:27:34] PROXY localhost:8080 /
[12:27:35] PROXY localhost:8080 /
[12:27:36] PROXY localhost:8080 /
[12:27:37] PROXY localhost:8080 /
[12:27:38] PROXY localhost:8080 /
[12:27:39] PROXY localhost:8080 /
[12:27:40] PROXY localhost:8080 /
[12:27:41] PROXY localhost:8080 /
[12:27:42] PROXY localhost:8080 /
[12:27:43] CONNECT gator.volces.com:443
[12:27:43] CONNECT gator.volces.com:443
[12:27:43] PROXY localhost:8080 /
[12:27:44] PROXY localhost:8080 /
[12:27:45] PROXY localhost:8080 /
[12:27:46] PROXY localhost:8080 /
[12:27:47] PROXY localhost:8080 /
[12:27:48] PROXY localhost:8080 /
[12:27:49] PROXY localhost:8080 /
[12:27:50] PROXY localhost:8080 /
[12:27:51] PROXY localhost:8080 /
[12:27:52] PROXY localhost:8080 /
[12:27:53] PROXY localhost:8080 /
[12:27:54] PROXY localhost:8080 /
[12:27:55] PROXY localhost:8080 /
[12:27:56] PROXY localhost:8080 /
[12:27:57] PROXY localhost:8080 /
[12:27:58] PROXY localhost:8080 /
[12:27:59] PROXY localhost:8080 /
[12:28:00] PROXY localhost:8080 /
[12:28:01] PROXY localhost:8080 /
[12:28:02] PROXY localhost:8080 /
[12:28:03] PROXY localhost:8080 /
[12:28:04] CONNECT relay-7ef33ce3.net.anydesk.com:443
[12:28:04] PROXY localhost:8080 /
[12:28:05] PROXY localhost:8080 /
[12:28:06] PROXY localhost:8080 /
[12:28:07] PROXY localhost:8080 /
[12:28:08] CONNECT gator.volces.com:443
[12:28:08] CONNECT www.google.com:443
[12:28:08] CONNECT gator.volces.com:443
[12:28:08] CONNECT www.google.com:443
[12:28:08] PROXY localhost:8080 /
[12:28:08] CONNECT www.google.com:443
[12:28:09] PROXY localhost:8080 /
[12:28:10] CONNECT lh3.google.com:443
[12:28:10] CONNECT ogads-pa.clients6.google.com:443
[12:28:10] CONNECT lh3.google.com:443
[12:28:10] CONNECT ogads-pa.clients6.google.com:443
[12:28:10] CONNECT lh3.googleusercontent.com:443
[12:28:10] PROXY localhost:8080 /
[12:28:11] CONNECT lh3.googleusercontent.com:443
[12:28:11] CONNECT play.google.com:443
[12:28:11] CONNECT optimizationguide-pa.googleapis.com:443
[12:28:11] BLOCK CONNECT x.com
[12:28:11] BLOCK CONNECT x.com
[12:28:11] CONNECT play.google.com:443
[12:28:11] BLOCK CONNECT x.com
[12:28:11] CONNECT optimizationguide-pa.googleapis.com:443
[12:28:11] PROXY localhost:8080 /
[12:28:12] PROXY localhost:8080 /
[12:28:13] BLOCK CONNECT x.com
[12:28:13] BLOCK CONNECT x.com
[12:28:13] BLOCK CONNECT x.com
[12:28:13] BLOCK CONNECT x.com
[12:28:14] PROXY localhost:8080 /
[12:28:14] BLOCK CONNECT x.com
[12:28:14] BLOCK CONNECT x.com
[12:28:15] PROXY localhost:8080 /
[12:28:16] PROXY localhost:8080 /
[12:28:17] PROXY localhost:8080 /
[12:28:18] PROXY localhost:8080 /
[12:28:18] BLOCK CONNECT x.com
[12:28:18] BLOCK CONNECT x.com
[12:28:18] BLOCK CONNECT x.com
[12:28:19] PROXY localhost:8080 /
[12:28:19] CONNECT clients4.google.com:443
[12:28:19] CONNECT clients4.google.com:443
[12:28:19] BLOCK CONNECT x.com
[12:28:20] PROXY localhost:8080 /
[12:28:20] BLOCK CONNECT x.com
[12:28:21] PROXY localhost:8080 /
[12:28:22] PROXY localhost:8080 /
[12:28:23] PROXY localhost:8080 /
[12:28:24] PROXY localhost:8080 /
[12:28:25] PROXY localhost:8080 /
[12:28:26] PROXY localhost:8080 /
[12:28:27] PROXY localhost:8080 /
[12:28:28] PROXY localhost:8080 /
[12:28:29] PROXY localhost:8080 /
[12:28:30] PROXY localhost:8080 /
[12:28:31] PROXY localhost:8080 /
[12:28:32] PROXY localhost:8080 /
[12:28:32] BLOCK CONNECT www.youtube.com
[12:28:32] CONNECT fonts.googleapis.com:443
[12:28:32] CONNECT fonts.gstatic.com:443
[12:28:32] BLOCK CONNECT www.youtube.com
[12:28:33] BLOCK CONNECT www.youtube.com
[12:28:33] PROXY localhost:8080 /
[12:28:33] CONNECT i.ytimg.com:443
[12:28:33] CONNECT fonts.gstatic.com:443
[12:28:34] PROXY localhost:8080 /
[12:28:35] PROXY localhost:8080 /
[12:28:35] CONNECT relay-7ef33ce3.net.anydesk.com:443
[12:28:36] CONNECT googleads.g.doubleclick.net:443
[12:28:36] PROXY localhost:8080 /
[12:28:36] CONNECT googleads.g.doubleclick.net:443
[12:28:36] BLOCK CONNECT www.youtube.com
[12:28:36] BLOCK CONNECT www.youtube.com
[12:28:36] BLOCK CONNECT www.youtube.com
[12:28:37] PROXY localhost:8080 /
[12:28:37] BLOCK CONNECT www.youtube.com
[12:28:37] BLOCK CONNECT www.youtube.com
[12:28:37] BLOCK CONNECT www.youtube.com
[12:28:37] BLOCK CONNECT www.youtube.com
[12:28:38] BLOCK CONNECT www.youtube.com
[12:28:38] CONNECT www.google.com:443
[12:28:38] CONNECT www.google.co.in:443
[12:28:38] BLOCK CONNECT www.youtube.com
[12:28:38] BLOCK CONNECT www.youtube.com
[12:28:38] CONNECT yt3.ggpht.com:443
[12:28:38] CONNECT www.google.co.in:443
[12:28:38] CONNECT www.google.com:443
[12:28:38] PROXY localhost:8080 /
[12:28:38] CONNECT yt3.ggpht.com:443
[12:28:38] BLOCK CONNECT www.youtube.com
[12:28:38] BLOCK CONNECT www.youtube.com
[12:28:38] BLOCK CONNECT www.youtube.com
[12:28:39] BLOCK CONNECT www.youtube.com
[12:28:39] PROXY localhost:8080 /
[12:28:39] BLOCK CONNECT www.youtube.com
[12:28:39] BLOCK CONNECT www.youtube.com
[12:28:40] PROXY localhost:8080 /
[12:28:40] CONNECT www.gstatic.com:443
[12:28:41] CONNECT www.gstatic.com:443
[12:28:41] BLOCK CONNECT www.youtube.com
[12:28:41] BLOCK CONNECT www.youtube.com
[12:28:41] BLOCK CONNECT accounts.youtube.com
[12:28:41] PROXY localhost:8080 /
[12:28:41] BLOCK CONNECT www.youtube.com
[12:28:41] BLOCK CONNECT www.youtube.com
[12:28:41] BLOCK CONNECT www.youtube.com
[12:28:41] BLOCK CONNECT www.youtube.com
[12:28:41] BLOCK CONNECT accounts.youtube.com
[12:28:41] BLOCK CONNECT www.youtube.com
[12:28:42] BLOCK CONNECT www.youtube.com
[12:28:42] CONNECT static.doubleclick.net:443
[12:28:42] BLOCK CONNECT www.youtube.com
[12:28:42] CONNECT static.doubleclick.net:443
[12:28:42] PROXY localhost:8080 /
[12:28:42] BLOCK CONNECT www.youtube.com
[12:28:43] BLOCK CONNECT www.youtube.com
[12:28:43] PROXY localhost:8080 /
[12:28:43] BLOCK CONNECT www.youtube.com
[12:28:44] BLOCK CONNECT www.youtube.com
[12:28:44] BLOCK CONNECT www.youtube.com
[12:28:44] PROXY localhost:8080 /
[12:28:45] PROXY localhost:8080 /
[12:28:45] BLOCK CONNECT www.youtube.com
[12:28:46] BLOCK CONNECT www.youtube.com
[12:28:46] CONNECT safebrowsing.googleapis.com:443
[12:28:46] CONNECT chat.deepseek.com:443
[12:28:46] PROXY localhost:8080 /
[12:28:46] CONNECT chat.deepseek.com:443
[12:28:46] CONNECT chat.deepseek.com:443
[12:28:46] CONNECT safebrowsing.googleapis.com:443
[12:28:46] CONNECT chat.deepseek.com:443
[12:28:46] CONNECT chat.deepseek.com:443
[12:28:47] BLOCK CONNECT www.youtube.com
[12:28:47] BLOCK CONNECT www.youtube.com
[12:28:47] PROXY localhost:8080 /
[12:28:48] CONNECT gator.volces.com:443
[12:28:48] PROXY localhost:8080 /
[12:28:48] CONNECT gator.volces.com:443
[12:28:49] BLOCK CONNECT www.youtube.com
[12:28:49] PROXY localhost:8080 /
[12:28:49] BLOCK CONNECT www.youtube.com
[12:28:50] PROXY localhost:8080 /
[12:28:51] BLOCK CONNECT www.youtube.com
[12:28:51] BLOCK CONNECT www.youtube.com
[12:28:51] PROXY localhost:8080 /
[12:28:52] PROXY localhost:8080 /
[12:28:53] PROXY localhost:8080 /
[12:28:54] PROXY localhost:8080 /
[12:28:55] CONNECT fe-static.deepseek.com:443
[12:28:55] CONNECT fe-static.deepseek.com:443
[12:28:55] PROXY localhost:8080 /
[12:28:55] CONNECT fe-static.deepseek.com:443
[12:28:56] CONNECT fe-static.deepseek.com:443
[12:28:56] PROXY localhost:8080 /
[12:28:57] PROXY localhost:8080 /
[12:28:58] PROXY localhost:8080 /
[12:28:59] PROXY localhost:8080 /
[12:29:00] PROXY localhost:8080 /
[12:29:01] PROXY localhost:8080 /
[12:29:02] PROXY localhost:8080 /
[12:29:03] PROXY localhost:8080 /
[12:29:04] PROXY localhost:8080 /
[12:29:05] PROXY localhost:8080 /
[12:29:06] PROXY localhost:8080 /
[12:29:07] CONNECT relay-7ef33ce3.net.anydesk.com:443
[12:29:07] CONNECT relay-61396f29.net.anydesk.com:443
[12:29:08] PROXY localhost:8080 /
[12:29:09] PROXY localhost:8080 /
[12:29:10] PROXY localhost:8080 /
[12:29:11] PROXY localhost:8080 /
[12:29:12] PROXY localhost:8080 /
[12:29:13] PROXY localhost:8080 /
[12:29:14] PROXY localhost:8080 /
[12:29:15] PROXY localhost:8080 /
[12:29:16] PROXY localhost:8080 /
[12:29:17] PROXY localhost:8080 /
[12:29:18] PROXY localhost:8080 /
[12:29:19] PROXY localhost:8080 /
[12:29:20] PROXY localhost:8080 /
[12:29:21] PROXY localhost:8080 /
[12:29:22] PROXY localhost:8080 /
[12:29:23] PROXY localhost:8080 /
[12:29:24] PROXY localhost:8080 /
[12:29:25] PROXY localhost:8080 /
[12:29:26] PROXY localhost:8080 /
[12:29:27] PROXY localhost:8080 /
[12:29:28] PROXY localhost:8080 /
[12:29:29] PROXY localhost:8080 /
[12:29:30] PROXY localhost:8080 /
[12:29:31] PROXY localhost:8080 /
[12:29:32] PROXY localhost:8080 /
[12:29:33] PROXY localhost:8080 /
[12:29:34] PROXY localhost:8080 /
[12:29:35] PROXY localhost:8080 /
[12:29:36] PROXY localhost:8080 /
[12:29:37] PROXY localhost:8080 /
[12:29:38] PROXY localhost:8080 /
[12:29:39] PROXY localhost:8080 /
[12:29:39] CONNECT relay-61396f29.net.anydesk.com:443
[12:29:40] PROXY localhost:8080 /
[12:29:41] PROXY localhost:8080 /
[12:29:42] PROXY localhost:8080 /
[12:29:43] PROXY localhost:8080 /
[12:29:44] PROXY localhost:8080 /
[12:29:45] PROXY localhost:8080 /
[12:29:46] PROXY localhost:8080 /
[12:29:46] CONNECT accounts.google.com:443
[12:29:46] CONNECT accounts.google.com:443
[12:29:47] PROXY localhost:8080 /
[12:29:48] PROXY localhost:8080 /
[12:29:49] PROXY localhost:8080 /
[12:29:50] PROXY localhost:8080 /
[12:29:51] PROXY localhost:8080 /
[12:29:51] BLOCK CONNECT www.youtube.com
[12:29:51] BLOCK CONNECT www.youtube.com
[12:29:51] CONNECT gator.volces.com:443
[12:29:52] CONNECT gator.volces.com:443
[12:29:52] PROXY localhost:8080 /
[12:29:53] PROXY localhost:8080 /
[12:29:54] PROXY localhost:8080 /
[12:29:54] CONNECT www.google.com:443
[12:29:55] PROXY localhost:8080 /
[12:29:56] PROXY localhost:8080 /
[12:29:57] PROXY localhost:8080 /
[12:29:58] PROXY localhost:8080 /
[12:29:59] PROXY localhost:8080 /
[12:30:00] PROXY localhost:8080 /
[12:30:01] PROXY localhost:8080 /
[12:30:02] CONNECT chat.deepseek.com:443
[12:30:02] PROXY localhost:8080 /
[12:30:02] CONNECT chat.deepseek.com:443
[12:30:03] PROXY localhost:8080 /
[12:30:04] PROXY localhost:8080 /
[12:30:05] PROXY localhost:8080 /
[12:30:06] PROXY localhost:8080 /
[12:30:07] PROXY localhost:8080 /
[12:30:08] PROXY localhost:8080 /
[12:30:09] PROXY localhost:8080 /
[12:30:10] PROXY localhost:8080 /
[12:30:10] CONNECT relay-61396f29.net.anydesk.com:443
[12:30:11] PROXY localhost:8080 /
[12:30:12] PROXY localhost:8080 /
[12:30:13] PROXY localhost:8080 /
[12:30:14] PROXY localhost:8080 /
[12:30:15] PROXY localhost:8080 /
[12:30:16] PROXY localhost:8080 /
[12:30:17] PROXY localhost:8080 /
[12:30:18] PROXY localhost:8080 /
[12:30:19] PROXY localhost:8080 /
[12:30:20] PROXY localhost:8080 /
[12:30:21] PROXY localhost:8080 /
[12:30:22] PROXY localhost:8080 /
[12:30:23] PROXY localhost:8080 /
[12:30:24] PROXY localhost:8080 /
[12:30:25] PROXY localhost:8080 /
[12:30:26] PROXY localhost:8080 /
[12:30:27] PROXY localhost:8080 /
[12:30:28] PROXY localhost:8080 /
[12:30:29] PROXY localhost:8080 /
[12:30:30] CONNECT gator.volces.com:443
[12:30:30] CONNECT fe-static.deepseek.com:443
[12:30:30] CONNECT fe-static.deepseek.com:443
[12:30:30] PROXY localhost:8080 /
[12:30:31] CONNECT fe-static.deepseek.com:443
[12:30:31] CONNECT fe-static.deepseek.com:443
[12:30:31] PROXY localhost:8080 /
[12:30:32] PROXY localhost:8080 /
[12:30:33] PROXY localhost:8080 /
[12:30:34] PROXY localhost:8080 /
[12:30:35] PROXY localhost:8080 /
[12:30:36] PROXY localhost:8080 /
[12:30:37] PROXY localhost:8080 /
[12:30:39] PROXY localhost:8080 /
[12:30:40] PROXY localhost:8080 /
[12:30:41] PROXY localhost:8080 /
[12:30:42] PROXY localhost:8080 /
[12:30:42] CONNECT relay-61396f29.net.anydesk.com:443
[12:30:42] CONNECT relay-34f6d89a.net.anydesk.com:443
[12:30:43] PROXY localhost:8080 /
[12:30:44] PROXY localhost:8080 /
[12:30:45] PROXY localhost:8080 /
[12:30:46] PROXY localhost:8080 /
[12:30:47] PROXY localhost:8080 /
[12:30:48] PROXY localhost:8080 /
[12:30:49] PROXY localhost:8080 /
[12:30:50] PROXY localhost:8080 /
[12:30:51] PROXY localhost:8080 /
[12:30:52] PROXY localhost:8080 /
[12:30:53] PROXY localhost:8080 /
[12:30:54] PROXY localhost:8080 /
[12:30:55] PROXY localhost:8080 /
[12:30:56] PROXY localhost:8080 /
[12:30:57] PROXY localhost:8080 /
[12:30:58] PROXY localhost:8080 /
[12:30:59] PROXY localhost:8080 /
[12:31:00] PROXY localhost:8080 /
[12:31:01] PROXY localhost:8080 /
[12:31:02] PROXY localhost:8080 /
[12:31:02] CONNECT www.google.com:443
[12:31:02] CONNECT gator.volces.com:443
[12:31:03] CONNECT gator.volces.com:443
[12:31:03] CONNECT www.google.com:443
[12:31:03] PROXY localhost:8080 /
[12:31:04] CONNECT lh3.google.com:443
[12:31:04] CONNECT ogads-pa.clients6.google.com:443
[12:31:04] CONNECT lh3.google.com:443
[12:31:04] PROXY localhost:8080 /
[12:31:04] CONNECT ogads-pa.clients6.google.com:443
[12:31:04] CONNECT lh3.googleusercontent.com:443
[12:31:05] CONNECT lh3.googleusercontent.com:443
[12:31:05] CONNECT play.google.com:443
[12:31:05] PROXY localhost:8080 /
[12:31:05] CONNECT play.google.com:443
[12:31:06] PROXY localhost:8080 /
[12:31:07] BLOCK CONNECT x.com
[12:31:07] BLOCK CONNECT x.com
[12:31:07] PROXY localhost:8080 /
[12:31:07] BLOCK CONNECT x.com
[12:31:08] PROXY localhost:8080 /
[12:31:09] BLOCK CONNECT x.com
[12:31:09] BLOCK CONNECT x.com
[12:31:09] BLOCK CONNECT x.com
[12:31:09] BLOCK CONNECT x.com
[12:31:09] PROXY localhost:8080 /
[12:31:10] BLOCK CONNECT x.com
[12:31:10] BLOCK CONNECT x.com
[12:31:10] PROXY localhost:8080 /
[12:31:11] PROXY localhost:8080 /
[12:31:12] PROXY localhost:8080 /
[12:31:13] PROXY localhost:8080 /
[12:31:14] CONNECT relay-34f6d89a.net.anydesk.com:443
[12:31:14] BLOCK CONNECT x.com
[12:31:14] BLOCK CONNECT x.com
[12:31:14] BLOCK CONNECT x.com
[12:31:14] PROXY localhost:8080 /
[12:31:15] PROXY localhost:8080 /
[12:31:16] BLOCK CONNECT x.com
[12:31:16] BLOCK CONNECT x.com
[12:31:16] PROXY localhost:8080 /
[12:31:17] PROXY localhost:8080 /
[12:31:18] PROXY localhost:8080 /
[12:31:19] CONNECT clients4.google.com:443
[12:31:19] CONNECT clients4.google.com:443
[12:31:19] PROXY localhost:8080 /
[12:31:20] PROXY localhost:8080 /
[12:31:21] PROXY localhost:8080 /
[12:31:22] PROXY localhost:8080 /
[12:31:23] PROXY localhost:8080 /
[12:31:24] PROXY localhost:8080 /
[12:31:26] PROXY localhost:8080 /
[12:31:27] PROXY localhost:8080 /
[12:31:28] PROXY localhost:8080 /
[12:31:29] PROXY localhost:8080 /
[12:31:30] PROXY localhost:8080 /
[12:31:31] PROXY localhost:8080 /
[12:31:32] PROXY localhost:8080 /
[12:31:33] PROXY localhost:8080 /
[12:31:34] PROXY localhost:8080 /
[12:31:35] PROXY localhost:8080 /
[12:31:36] PROXY localhost:8080 /
[12:31:37] PROXY localhost:8080 /
[12:31:38] PROXY localhost:8080 /
[12:31:39] PROXY localhost:8080 /
[12:31:40] PROXY localhost:8080 /
[12:31:41] CONNECT safebrowsing.googleapis.com:443
[12:31:41] CONNECT safebrowsing.googleapis.com:443
[12:31:41] PROXY localhost:8080 /
[12:31:42] PROXY localhost:8080 /
[12:31:43] PROXY localhost:8080 /
[12:31:44] PROXY localhost:8080 /
[12:31:45] CONNECT relay-34f6d89a.net.anydesk.com:443
[12:31:45] PROXY localhost:8080 /
[12:31:46] CONNECT relay-6fc552b6.net.anydesk.com:443
[12:31:46] PROXY localhost:8080 /
[12:31:47] PROXY localhost:8080 /
[12:31:48] PROXY localhost:8080 /
[12:31:49] PROXY localhost:8080 /
[12:31:50] PROXY localhost:8080 /
[12:31:51] PROXY localhost:8080 /
[12:31:52] PROXY localhost:8080 /
[12:31:53] PROXY localhost:8080 /
[12:31:54] PROXY localhost:8080 /
[12:31:54] CONNECT www.google.com:443
[12:31:55] PROXY localhost:8080 /
[12:31:56] PROXY localhost:8080 /
[12:31:57] PROXY localhost:8080 /
[12:31:58] PROXY localhost:8080 /
[12:31:59] PROXY localhost:8080 /
[12:32:00] PROXY localhost:8080 /
[12:32:01] PROXY localhost:8080 /
[12:32:02] PROXY localhost:8080 /
[12:32:03] PROXY localhost:8080 /
[12:32:04] PROXY localhost:8080 /
[12:32:05] PROXY localhost:8080 /
[12:32:06] PROXY localhost:8080 /
[12:32:07] PROXY localhost:8080 /
[12:32:08] PROXY localhost:8080 /
[12:32:09] PROXY localhost:8080 /
[12:32:10] PROXY localhost:8080 /
[12:32:11] PROXY localhost:8080 /
[12:32:12] PROXY localhost:8080 /
[12:32:13] PROXY localhost:8080 /
[12:32:14] PROXY localhost:8080 /
[12:32:15] PROXY localhost:8080 /
[12:32:17] PROXY localhost:8080 /
[12:32:17] CONNECT relay-6fc552b6.net.anydesk.com:443
[12:32:18] PROXY localhost:8080 /
[12:32:18] CONNECT gator.volces.com:443
[12:32:18] CONNECT gator.volces.com:443
[12:32:19] PROXY localhost:8080 /
[12:32:20] PROXY localhost:8080 /
[12:32:21] PROXY localhost:8080 /
[12:32:22] PROXY localhost:8080 /
[12:32:23] PROXY localhost:8080 /
[12:32:24] PROXY localhost:8080 /
[12:32:25] PROXY localhost:8080 /
[12:32:26] PROXY localhost:8080 /
[12:32:27] PROXY localhost:8080 /
[12:32:28] PROXY localhost:8080 /
[12:32:29] PROXY localhost:8080 /
[12:32:30] PROXY localhost:8080 /
[12:32:31] PROXY localhost:8080 /
[12:32:32] PROXY localhost:8080 /
[12:32:33] PROXY localhost:8080 /
[12:32:34] PROXY localhost:8080 /
[12:32:35] PROXY localhost:8080 /
[12:32:36] PROXY localhost:8080 /
[12:32:37] PROXY localhost:8080 /
[12:32:38] PROXY localhost:8080 /
[12:32:39] PROXY localhost:8080 /
[12:32:40] PROXY localhost:8080 /
[12:32:41] PROXY localhost:8080 /
[12:32:42] PROXY localhost:8080 /
[12:32:43] PROXY localhost:8080 /
[12:32:44] PROXY localhost:8080 /
[12:32:45] PROXY localhost:8080 /
[12:32:46] PROXY localhost:8080 /
[12:32:47] PROXY localhost:8080 /
[12:32:48] PROXY localhost:8080 /
[12:32:49] CONNECT relay-6fc552b6.net.anydesk.com:443
[12:32:49] PROXY localhost:8080 /
[12:32:49] CONNECT relay-0b67a95a.net.anydesk.com:443
[12:32:50] PROXY localhost:8080 /
[12:32:51] PROXY localhost:8080 /
[12:32:52] PROXY localhost:8080 /
[12:32:53] PROXY localhost:8080 /
[12:32:54] PROXY localhost:8080 /
[12:32:55] CONNECT www.google.com:443
[12:32:55] PROXY localhost:8080 /
[12:32:56] PROXY localhost:8080 /
[12:32:57] PROXY localhost:8080 /
[12:32:58] PROXY localhost:8080 /
[12:32:59] PROXY localhost:8080 /
[12:33:00] PROXY localhost:8080 /
[12:33:01] PROXY localhost:8080 /
[12:33:02] PROXY localhost:8080 /
[12:33:03] PROXY localhost:8080 /
[12:33:04] PROXY localhost:8080 /
[12:33:05] PROXY localhost:8080 /
[12:33:06] CONNECT chat.deepseek.com:443
[12:33:06] CONNECT gator.volces.com:443
[12:33:06] CONNECT chat.deepseek.com:443
[12:33:06] PROXY localhost:8080 /
[12:33:06] CONNECT gator.volces.com:443
[12:33:06] CONNECT gator.volces.com:443
[12:33:06] CONNECT fe-static.deepseek.com:443
[12:33:07] CONNECT fe-static.deepseek.com:443
[12:33:07] PROXY localhost:8080 /
[12:33:07] CONNECT fe-static.deepseek.com:443
[12:33:07] CONNECT fe-static.deepseek.com:443
[12:33:08] PROXY localhost:8080 /
[12:33:09] PROXY localhost:8080 /
[12:33:10] PROXY localhost:8080 /
[12:33:11] PROXY localhost:8080 /
[12:33:12] PROXY localhost:8080 /
[12:33:13] PROXY localhost:8080 /
[12:33:14] PROXY localhost:8080 /
[12:33:15] PROXY localhost:8080 /
[12:33:16] PROXY localhost:8080 /
[12:33:17] PROXY localhost:8080 /
[12:33:18] PROXY localhost:8080 /
[12:33:19] PROXY localhost:8080 /
[12:33:20] PROXY localhost:8080 /
[12:33:21] CONNECT relay-0b67a95a.net.anydesk.com:443
[12:33:21] PROXY localhost:8080 /
[12:33:22] PROXY localhost:8080 /
[12:33:23] PROXY localhost:8080 /
[12:33:24] PROXY localhost:8080 /
[12:33:25] PROXY localhost:8080 /
[12:33:26] PROXY localhost:8080 /
[12:33:27] PROXY localhost:8080 /
[12:33:28] PROXY localhost:8080 /
[12:33:29] PROXY localhost:8080 /
[12:33:30] PROXY localhost:8080 /
[12:33:31] PROXY localhost:8080 /
[12:33:32] PROXY localhost:8080 /
[12:33:33] PROXY localhost:8080 /
[12:33:34] PROXY localhost:8080 /
[12:33:35] PROXY localhost:8080 /
[12:33:36] PROXY localhost:8080 /
[12:33:37] PROXY localhost:8080 /
[12:33:38] PROXY localhost:8080 /
[12:33:39] CONNECT fe-static.deepseek.com:443
[12:33:39] CONNECT gator.volces.com:443
[12:33:39] CONNECT gator.volces.com:443
[12:33:39] CONNECT gator.volces.com:443
[12:33:39] CONNECT fe-static.deepseek.com:443
[12:33:39] PROXY localhost:8080 /
[12:33:40] CONNECT fe-static.deepseek.com:443
[12:33:40] CONNECT fe-static.deepseek.com:443
[12:33:40] PROXY localhost:8080 /
[12:33:41] PROXY localhost:8080 /
[12:33:42] PROXY localhost:8080 /
[12:33:43] PROXY localhost:8080 /
[12:33:44] PROXY localhost:8080 /
[12:33:45] CONNECT hif-leim.deepseek.com:443
[12:33:45] CONNECT hif-leim.deepseek.com:443
[12:33:45] PROXY localhost:8080 /
[12:33:46] PROXY localhost:8080 /
[12:33:47] CONNECT safebrowsing.googleapis.com:443
[12:33:47] PROXY localhost:8080 /
[12:33:47] CONNECT safebrowsing.googleapis.com:443
[12:33:48] PROXY localhost:8080 /
[12:33:48] CONNECT hif-dliq.deepseek.com:443
[12:33:49] CONNECT hif-dliq.deepseek.com:443
[12:33:49] PROXY localhost:8080 /
[12:33:50] PROXY localhost:8080 /
[12:33:51] PROXY localhost:8080 /
[12:33:52] CONNECT relay-0b67a95a.net.anydesk.com:443
[12:33:52] PROXY localhost:8080 /
[12:33:53] PROXY localhost:8080 /
[12:33:54] PROXY localhost:8080 /
[12:33:55] PROXY localhost:8080 /
[12:33:56] PROXY localhost:8080 /
[12:33:57] PROXY localhost:8080 /
[12:33:58] PROXY localhost:8080 /
[12:33:59] PROXY localhost:8080 /
[12:34:00] PROXY localhost:8080 /
[12:34:01] PROXY localhost:8080 /
[12:34:02] PROXY localhost:8080 /
[12:34:03] PROXY localhost:8080 /
[12:34:04] PROXY localhost:8080 /
[12:34:05] PROXY localhost:8080 /
[12:34:06] PROXY localhost:8080 /
[12:34:07] PROXY localhost:8080 /
[12:34:08] PROXY localhost:8080 /
[12:34:09] PROXY localhost:8080 /
[12:34:10] PROXY localhost:8080 /
[12:34:11] PROXY localhost:8080 /
[12:34:13] PROXY localhost:8080 /
[12:34:14] PROXY localhost:8080 /
[12:34:15] PROXY localhost:8080 /
[12:34:16] PROXY localhost:8080 /
[12:34:16] CONNECT www.google.com:443
[12:34:16] CONNECT gator.volces.com:443
[12:34:16] CONNECT www.google.com:443
[12:34:16] CONNECT gator.volces.com:443
[12:34:17] PROXY localhost:8080 /
[12:34:18] PROXY localhost:8080 /
[12:34:19] PROXY localhost:8080 /
[12:34:20] PROXY localhost:8080 /
[12:34:21] PROXY localhost:8080 /
[12:34:22] PROXY localhost:8080 /
[12:34:23] PROXY localhost:8080 /
[12:34:23] CONNECT relay-0b67a95a.net.anydesk.com:443
[12:34:24] CONNECT relay-88c105e0.net.anydesk.com:443
[12:34:24] PROXY localhost:8080 /
[12:34:25] PROXY localhost:8080 /
[12:34:26] PROXY localhost:8080 /
[12:34:27] PROXY localhost:8080 /
[12:34:28] PROXY localhost:8080 /
[12:34:29] PROXY localhost:8080 /
[12:34:30] PROXY localhost:8080 /
[12:34:31] PROXY localhost:8080 /
[12:34:32] PROXY localhost:8080 /
[12:34:33] GET /api/notes
[12:34:33] PROXY localhost:8080 /
[12:34:33] GET /api/notes/tasks
[12:34:33] GET /api/notes
[12:34:34] GET /api/notes/tasks
[12:34:34] PROXY localhost:8080 /
[12:34:35] PROXY localhost:8080 /
[12:34:36] PROXY localhost:8080 /
[12:34:37] PROXY localhost:8080 /
[12:34:38] PROXY localhost:8080 /
[12:34:39] PROXY localhost:8080 /
[12:34:40] PROXY localhost:8080 /
[12:34:41] PROXY localhost:8080 /
[12:34:42] PROXY localhost:8080 /
[12:34:43] PROXY localhost:8080 /
[12:34:44] PROXY localhost:8080 /
[12:34:44] GET /api/notes/tasks
[12:34:45] PROXY localhost:8080 /
[12:34:46] PROXY localhost:8080 /
[12:34:46] POST /api/notes/tasks
[12:34:47] PROXY localhost:8080 /
[12:34:47] CONNECT www.google.com:443
[12:34:48] CONNECT www.google.com:443
[12:34:48] PROXY localhost:8080 /
[12:34:48] CONNECT gator.volces.com:443
[12:34:48] CONNECT fe-static.deepseek.com:443
[12:34:49] CONNECT fe-static.deepseek.com:443
[12:34:49] PROXY localhost:8080 /
[12:34:49] CONNECT fe-static.deepseek.com:443
[12:34:50] CONNECT fe-static.deepseek.com:443
[12:34:50] PROXY localhost:8080 /
[12:34:51] PROXY localhost:8080 /
[12:34:52] PROXY localhost:8080 /
[12:34:53] PROXY localhost:8080 /
[12:34:54] PROXY localhost:8080 /
[12:34:55] PROXY localhost:8080 /
[12:34:55] CONNECT relay-88c105e0.net.anydesk.com:443
[12:34:56] PROXY localhost:8080 /
[12:34:57] PROXY localhost:8080 /
[12:34:58] PROXY localhost:8080 /
[12:34:59] PROXY localhost:8080 /
[12:35:00] PROXY localhost:8080 /
[12:35:01] PROXY localhost:8080 /
[12:35:02] PROXY localhost:8080 /
[12:35:03] PROXY localhost:8080 /
[12:35:04] PROXY localhost:8080 /
[12:35:05] PROXY localhost:8080 /
[12:35:06] PROXY localhost:8080 /
[12:35:07] PROXY localhost:8080 /
[12:35:08] PROXY localhost:8080 /
[12:35:09] PROXY localhost:8080 /
[12:35:10] PROXY localhost:8080 /
[12:35:11] PROXY localhost:8080 /
[12:35:12] PROXY localhost:8080 /
[12:35:13] PROXY localhost:8080 /
[12:35:14] PROXY localhost:8080 /
[12:35:15] PROXY localhost:8080 /
[12:35:16] BLOCK CONNECT www.youtube.com
[12:35:16] BLOCK CONNECT www.youtube.com
[12:35:16] PROXY localhost:8080 /
[12:35:17] PROXY localhost:8080 /
[12:35:18] PROXY localhost:8080 /
[12:35:19] PROXY localhost:8080 /
[12:35:20] PROXY localhost:8080 /
[12:35:22] PROXY localhost:8080 /
[12:35:23] PROXY localhost:8080 /
[12:35:24] PROXY localhost:8080 /
[12:35:25] PROXY localhost:8080 /
[12:35:26] PROXY localhost:8080 /
[12:35:27] PROXY localhost:8080 /
[12:35:27] CONNECT relay-88c105e0.net.anydesk.com:443
[12:35:27] CONNECT relay-41624560.net.anydesk.com:443
[12:35:28] PROXY localhost:8080 /
[12:35:28] GET /api/notes/tasks
[12:35:29] PROXY localhost:8080 /
[12:35:30] PROXY localhost:8080 /
[12:35:31] PROXY localhost:8080 /
[12:35:32] PROXY localhost:8080 /
[12:35:33] PROXY localhost:8080 /
[12:35:34] PROXY localhost:8080 /
[12:35:35] PROXY localhost:8080 /
[12:35:36] PROXY localhost:8080 /
[12:35:37] PROXY localhost:8080 /
[12:35:38] CONNECT gator.volces.com:443
[12:35:38] PROXY localhost:8080 /
[12:35:38] CONNECT gator.volces.com:443
[12:35:39] PROXY localhost:8080 /
[12:35:40] PROXY localhost:8080 /
[12:35:41] PROXY localhost:8080 /
[12:35:41] GET /api/blocklist
[12:35:42] GET /api/proxy/stats
[12:35:42] GET /api/blocklog
[12:35:42] PROXY localhost:8080 /
[12:35:43] PROXY localhost:8080 /
[12:35:44] PROXY localhost:8080 /
[12:35:45] PROXY localhost:8080 /
[12:35:46] PROXY localhost:8080 /
[12:35:47] GET /api/proxy/stats
[12:35:47] PROXY localhost:8080 /
[12:35:47] GET /api/blocklog
[12:35:48] PROXY localhost:8080 /
[12:35:49] PROXY localhost:8080 /
[12:35:50] PROXY localhost:8080 /
[12:35:50] CONNECT gator.volces.com:443
[12:35:50] CONNECT fe-static.deepseek.com:443
[12:35:51] CONNECT fe-static.deepseek.com:443
[12:35:51] PROXY localhost:8080 /
[12:35:51] CONNECT fe-static.deepseek.com:443
[12:35:51] CONNECT fe-static.deepseek.com:443
[12:35:52] PROXY localhost:8080 /
[12:35:53] GET /api/proxy/stats
[12:35:53] GET /api/blocklog
[12:35:53] PROXY localhost:8080 /
[12:35:54] PROXY localhost:8080 /
[12:35:55] CONNECT www.google.com:443
[12:35:55] PROXY localhost:8080 /
[12:35:56] PROXY localhost:8080 /
[12:35:57] PROXY localhost:8080 /
[12:35:58] GET /api/proxy/stats
[12:35:58] GET /api/blocklog
[12:35:58] PROXY localhost:8080 /
[12:35:59] CONNECT relay-41624560.net.anydesk.com:443
[12:35:59] PROXY localhost:8080 /
[12:36:00] PROXY localhost:8080 /
[12:36:01] PROXY localhost:8080 /
[12:36:02] PROXY localhost:8080 /
[12:36:03] GET /api/proxy/stats
[12:36:03] GET /api/blocklog
[12:36:03] PROXY localhost:8080 /
[12:36:04] PROXY localhost:8080 /
[12:36:05] PROXY localhost:8080 /
[12:36:06] PROXY localhost:8080 /
[12:36:07] PROXY localhost:8080 /
[12:36:08] GET /api/proxy/stats
[12:36:08] GET /api/blocklog
[12:36:08] PROXY localhost:8080 /
[12:36:09] PROXY localhost:8080 /
[12:36:10] PROXY localhost:8080 /
[12:36:11] PROXY localhost:8080 /
[12:36:12] PROXY localhost:8080 /
[12:36:13] GET /api/proxy/stats
[12:36:13] GET /api/blocklog
[12:36:13] PROXY localhost:8080 /
[12:36:14] PROXY localhost:8080 /
[12:36:15] PROXY localhost:8080 /
[12:36:16] PROXY localhost:8080 /
[12:36:17] PROXY localhost:8080 /
[12:36:18] GET /api/proxy/stats
[12:36:18] GET /api/blocklog
[12:36:18] PROXY localhost:8080 /
[12:36:19] PROXY localhost:8080 /
[12:36:20] PROXY localhost:8080 /
[12:36:21] PROXY localhost:8080 /
[12:36:22] PROXY localhost:8080 /
[12:36:23] GET /api/proxy/stats
[12:36:23] GET /api/blocklog
[12:36:23] PROXY localhost:8080 /
[12:36:24] PROXY localhost:8080 /
[12:36:25] PROXY localhost:8080 /
[12:36:26] PROXY localhost:8080 /
[12:36:27] PROXY localhost:8080 /
[12:36:28] GET /api/proxy/stats
[12:36:28] GET /api/blocklog
[12:36:28] PROXY localhost:8080 /
[12:36:29] PROXY localhost:8080 /
[12:36:30] CONNECT relay-41624560.net.anydesk.com:443
[12:36:30] PROXY localhost:8080 /
[12:36:31] CONNECT relay-6d581d9a.net.anydesk.com:443
[12:36:31] PROXY localhost:8080 /
[12:36:32] PROXY localhost:8080 /
[12:36:33] GET /api/proxy/stats
[12:36:33] GET /api/blocklog
[12:36:33] PROXY localhost:8080 /
[12:36:34] PROXY localhost:8080 /
[12:36:35] PROXY localhost:8080 /
[12:36:36] PROXY localhost:8080 /
[12:36:37] PROXY localhost:8080 /
[12:36:38] GET /api/proxy/stats
[12:36:38] GET /api/blocklog
[12:36:38] PROXY localhost:8080 /
[12:36:39] PROXY localhost:8080 /
[12:36:40] PROXY localhost:8080 /
[12:36:41] PROXY localhost:8080 /
[12:36:42] PROXY localhost:8080 /
[12:36:43] GET /api/proxy/stats
[12:36:43] GET /api/blocklog
[12:36:43] PROXY localhost:8080 /
[12:36:44] PROXY localhost:8080 /
[12:36:45] PROXY localhost:8080 /
[12:36:46] PROXY localhost:8080 /
[12:36:47] PROXY localhost:8080 /
[12:36:48] GET /api/proxy/stats
[12:36:48] GET /api/blocklog
[12:36:48] PROXY localhost:8080 /
[12:36:49] PROXY localhost:8080 /
[12:36:50] CONNECT gator.volces.com:443
[12:36:50] PROXY localhost:8080 /
[12:36:50] CONNECT gator.volces.com:443
[12:36:51] PROXY localhost:8080 /
[12:36:52] PROXY localhost:8080 /
[12:36:53] CONNECT chat.deepseek.com:443
[12:36:53] CONNECT chat.deepseek.com:443
[12:36:53] PROXY localhost:8080 /
[12:36:54] PROXY localhost:8080 /
[12:36:55] CONNECT www.google.com:443
[12:36:56] PROXY localhost:8080 /
[12:36:57] PROXY localhost:8080 /
[12:36:58] PROXY localhost:8080 /
[12:36:59] PROXY localhost:8080 /
[12:37:00] PROXY localhost:8080 /
[12:37:01] PROXY localhost:8080 /
[12:37:02] PROXY localhost:8080 /
[12:37:02] CONNECT relay-6d581d9a.net.anydesk.com:443
[12:37:03] PROXY localhost:8080 /
[12:37:04] PROXY localhost:8080 /
[12:37:05] PROXY localhost:8080 /
[12:37:06] PROXY localhost:8080 /
[12:37:07] PROXY localhost:8080 /
[12:37:08] PROXY localhost:8080 /
[12:37:09] PROXY localhost:8080 /
[12:37:10] PROXY localhost:8080 /
[12:37:11] PROXY localhost:8080 /
[12:37:12] PROXY localhost:8080 /
[12:37:13] PROXY localhost:8080 /
[12:37:14] PROXY localhost:8080 /
[12:37:15] PROXY localhost:8080 /
[12:37:15] CONNECT www.google.com:443
[12:37:16] CONNECT www.google.com:443
[12:37:16] PROXY localhost:8080 /
[12:37:16] CONNECT encrypted-vtbn1.gstatic.com:443
[12:37:17] CONNECT play.google.com:443
[12:37:17] CONNECT encrypted-vtbn1.gstatic.com:443
[12:37:17] CONNECT play.google.com:443
[12:37:17] PROXY localhost:8080 /
[12:37:18] PROXY localhost:8080 /
[12:37:19] CONNECT gator.volces.com:443
[12:37:19] CONNECT www.gstatic.com:443
[12:37:19] CONNECT gator.volces.com:443
[12:37:19] CONNECT www.gstatic.com:443
[12:37:20] PROXY localhost:8080 /
[12:37:21] PROXY localhost:8080 /
[12:37:21] CONNECT fe-static.deepseek.com:443
[12:37:22] CONNECT fe-static.deepseek.com:443
[12:37:22] PROXY localhost:8080 /
[12:37:22] CONNECT fe-static.deepseek.com:443
[12:37:22] CONNECT fe-static.deepseek.com:443
[12:37:23] PROXY localhost:8080 /
[12:37:24] PROXY localhost:8080 /
[12:37:25] PROXY localhost:8080 /
[12:37:26] PROXY localhost:8080 /
[12:37:27] PROXY localhost:8080 /
[12:37:28] PROXY localhost:8080 /
[12:37:29] PROXY localhost:8080 /
[12:37:30] PROXY localhost:8080 /
[12:37:31] PROXY localhost:8080 /
[12:37:32] PROXY localhost:8080 /
[12:37:33] PROXY localhost:8080 /
[12:37:33] CONNECT relay-6d581d9a.net.anydesk.com:443
[12:37:34] PROXY localhost:8080 /
[12:37:35] PROXY localhost:8080 /
[12:37:36] PROXY localhost:8080 /
[12:37:37] PROXY localhost:8080 /
[12:37:38] GET /api/proxy/stats
[12:37:38] GET /api/blocklog
[12:37:38] PROXY localhost:8080 /
[12:37:39] PROXY localhost:8080 /
[12:37:40] PROXY localhost:8080 /
[12:37:41] PROXY localhost:8080 /
[12:37:42] PROXY localhost:8080 /
[12:37:43] PROXY localhost:8080 /
[12:37:44] PROXY localhost:8080 /
[12:37:45] PROXY localhost:8080 /
[12:37:46] PROXY localhost:8080 /
[12:37:47] PROXY localhost:8080 /
[12:37:48] PROXY localhost:8080 /
[12:37:49] PROXY localhost:8080 /
[12:37:50] PROXY localhost:8080 /
[12:37:51] PROXY localhost:8080 /
[12:37:52] PROXY localhost:8080 /
[12:37:53] PROXY localhost:8080 /
[12:37:54] PROXY localhost:8080 /
[12:37:55] CONNECT www.google.com:443
[12:37:55] PROXY localhost:8080 /
[12:37:56] PROXY localhost:8080 /
[12:37:57] PROXY localhost:8080 /
[12:37:58] PROXY localhost:8080 /
[12:37:59] PROXY localhost:8080 /
[12:38:00] PROXY localhost:8080 /
[12:38:01] PROXY localhost:8080 /
[12:38:02] PROXY localhost:8080 /
[12:38:03] PROXY localhost:8080 /
[12:38:04] PROXY localhost:8080 /
[12:38:05] CONNECT relay-6d581d9a.net.anydesk.com:443
[12:38:05] PROXY localhost:8080 /
[12:38:06] PROXY localhost:8080 /
[12:38:07] PROXY localhost:8080 /
[12:38:08] PROXY localhost:8080 /
[12:38:09] PROXY localhost:8080 /
[12:38:10] PROXY localhost:8080 /
[12:38:11] PROXY localhost:8080 /
[12:38:13] PROXY localhost:8080 /
[12:38:14] PROXY localhost:8080 /
[12:38:15] PROXY localhost:8080 /
[12:38:16] PROXY localhost:8080 /
[12:38:17] PROXY localhost:8080 /
[12:38:18] PROXY localhost:8080 /
[12:38:19] PROXY localhost:8080 /
[12:38:20] PROXY localhost:8080 /
[12:38:21] PROXY localhost:8080 /
[12:38:21] CONNECT gator.volces.com:443
[12:38:21] CONNECT gator.volces.com:443
[12:38:22] PROXY localhost:8080 /
[12:38:23] PROXY localhost:8080 /
[12:38:24] PROXY localhost:8080 /
[12:38:25] PROXY localhost:8080 /
[12:38:26] PROXY localhost:8080 /
[12:38:27] PROXY localhost:8080 /
[12:38:27] CONNECT chat.deepseek.com:443
[12:38:28] PROXY localhost:8080 /
[12:38:28] CONNECT chat.deepseek.com:443
[12:38:28] CONNECT fe-static.deepseek.com:443
[12:38:28] CONNECT fe-static.deepseek.com:443
[12:38:29] PROXY localhost:8080 /
[12:38:29] CONNECT fe-static.deepseek.com:443
[12:38:29] CONNECT fe-static.deepseek.com:443
[12:38:30] PROXY localhost:8080 /
[12:38:31] PROXY localhost:8080 /
[12:38:32] PROXY localhost:8080 /
[12:38:33] PROXY localhost:8080 /
[12:38:34] PROXY localhost:8080 /
[12:38:35] PROXY localhost:8080 /
[12:38:36] PROXY localhost:8080 /
[12:38:36] CONNECT relay-6d581d9a.net.anydesk.com:443
[12:38:37] PROXY localhost:8080 /
[12:38:38] GET /api/proxy/stats
[12:38:38] PROXY localhost:8080 /
[12:38:38] GET /api/blocklog
[12:38:39] PROXY localhost:8080 /
[12:38:40] PROXY localhost:8080 /
[12:38:41] PROXY localhost:8080 /
[12:38:42] PROXY localhost:8080 /
[12:38:43] PROXY localhost:8080 /
[12:38:44] PROXY localhost:8080 /
[12:38:45] PROXY localhost:8080 /
[12:38:46] PROXY localhost:8080 /
[12:38:47] PROXY localhost:8080 /
[12:38:48] PROXY localhost:8080 /
[12:38:49] PROXY localhost:8080 /
[12:38:50] PROXY localhost:8080 /
[12:38:51] PROXY localhost:8080 /
[12:38:52] PROXY localhost:8080 /
[12:38:53] PROXY localhost:8080 /
[12:38:54] PROXY localhost:8080 /
[12:38:55] CONNECT www.google.com:443
[12:38:55] PROXY localhost:8080 /
[12:38:56] PROXY localhost:8080 /
[12:38:57] PROXY localhost:8080 /
[12:38:58] PROXY localhost:8080 /
[12:38:59] PROXY localhost:8080 /
[12:39:00] CONNECT safebrowsing.googleapis.com:443
[12:39:00] PROXY localhost:8080 /
[12:39:00] CONNECT safebrowsing.googleapis.com:443
[12:39:01] CONNECT gator.volces.com:443
[12:39:01] CONNECT gator.volces.com:443
[12:39:01] PROXY localhost:8080 /
[12:39:02] PROXY localhost:8080 /
[12:39:03] PROXY localhost:8080 /
[12:39:04] PROXY localhost:8080 /
[12:39:05] PROXY localhost:8080 /
[12:39:06] PROXY localhost:8080 /
[12:39:07] PROXY localhost:8080 /
[12:39:07] CONNECT relay-6d581d9a.net.anydesk.com:443
[12:39:08] CONNECT fe-static.deepseek.com:443
[12:39:08] PROXY localhost:8080 /
[12:39:08] CONNECT fe-static.deepseek.com:443
[12:39:09] CONNECT fe-static.deepseek.com:443
[12:39:09] CONNECT fe-static.deepseek.com:443
[12:39:09] PROXY localhost:8080 /
[12:39:10] PROXY localhost:8080 /
[12:39:11] PROXY localhost:8080 /
[12:39:12] PROXY localhost:8080 /
[12:39:13] PROXY localhost:8080 /
[12:39:14] PROXY localhost:8080 /
[12:39:15] PROXY localhost:8080 /
[12:39:16] PROXY localhost:8080 /
[12:39:17] PROXY localhost:8080 /
[12:39:18] PROXY localhost:8080 /
[12:39:19] PROXY localhost:8080 /
[12:39:20] PROXY localhost:8080 /
[12:39:21] PROXY localhost:8080 /
[12:39:22] PROXY localhost:8080 /
[12:39:23] PROXY localhost:8080 /
[12:39:24] PROXY localhost:8080 /
[12:39:25] PROXY localhost:8080 /
[12:39:26] PROXY localhost:8080 /
[12:39:27] PROXY localhost:8080 /
[12:39:28] PROXY localhost:8080 /
[12:39:29] PROXY localhost:8080 /
[12:39:30] PROXY localhost:8080 /
[12:39:31] PROXY localhost:8080 /
[12:39:32] PROXY localhost:8080 /
[12:39:33] PROXY localhost:8080 /
[12:39:34] PROXY localhost:8080 /
[12:39:35] PROXY localhost:8080 /
[12:39:36] PROXY localhost:8080 /
[12:39:37] PROXY localhost:8080 /
[12:39:38] GET /api/proxy/stats
[12:39:38] GET /api/blocklog
[12:39:38] PROXY localhost:8080 /
[12:39:39] CONNECT relay-6d581d9a.net.anydesk.com:443
[12:39:39] PROXY localhost:8080 /
[12:39:40] PROXY localhost:8080 /
[12:39:42] PROXY localhost:8080 /
[12:39:42] CONNECT chat.deepseek.com:443
[12:39:42] CONNECT chat.deepseek.com:443
[12:39:43] PROXY localhost:8080 /
[12:39:44] PROXY localhost:8080 /
[12:39:45] PROXY localhost:8080 /
[12:39:46] PROXY localhost:8080 /
[12:39:47] PROXY localhost:8080 /
[12:39:48] PROXY localhost:8080 /
[12:39:48] CONNECT accounts.google.com:443
[12:39:48] CONNECT accounts.google.com:443
[12:39:49] PROXY localhost:8080 /
[12:39:50] PROXY localhost:8080 /
[12:39:51] PROXY localhost:8080 /
[12:39:52] PROXY localhost:8080 /
[12:39:53] PROXY localhost:8080 /
[12:39:54] PROXY localhost:8080 /
[12:39:55] PROXY localhost:8080 /
[12:39:55] CONNECT www.google.com:443
[12:39:56] PROXY localhost:8080 /
[12:39:57] PROXY localhost:8080 /
[12:39:58] PROXY localhost:8080 /
[12:39:59] PROXY localhost:8080 /
[12:40:00] PROXY localhost:8080 /
[12:40:01] PROXY localhost:8080 /
[12:40:02] PROXY localhost:8080 /
[12:40:03] PROXY localhost:8080 /
[12:40:04] PROXY localhost:8080 /
[12:40:05] PROXY localhost:8080 /
[12:40:06] PROXY localhost:8080 /
[12:40:07] PROXY localhost:8080 /
[12:40:08] PROXY localhost:8080 /
[12:40:09] PROXY localhost:8080 /
[12:40:10] PROXY localhost:8080 /
[12:40:10] CONNECT relay-6d581d9a.net.anydesk.com:443
[12:40:11] PROXY localhost:8080 /
[12:40:12] PROXY localhost:8080 /
[12:40:13] PROXY localhost:8080 /
[12:40:14] PROXY localhost:8080 /
[12:40:15] PROXY localhost:8080 /
[12:40:16] PROXY localhost:8080 /
[12:40:17] PROXY localhost:8080 /
[12:40:18] PROXY localhost:8080 /
[12:40:19] PROXY localhost:8080 /
[12:40:20] PROXY localhost:8080 /
[12:40:21] PROXY localhost:8080 /
[12:40:22] PROXY localhost:8080 /
[12:40:23] PROXY localhost:8080 /
[12:40:24] PROXY localhost:8080 /
[12:40:25] PROXY localhost:8080 /
[12:40:26] PROXY localhost:8080 /
[12:40:27] PROXY localhost:8080 /
[12:40:28] PROXY localhost:8080 /
[12:40:29] PROXY localhost:8080 /
[12:40:30] PROXY localhost:8080 /
[12:40:31] PROXY localhost:8080 /
[12:40:32] PROXY localhost:8080 /
[12:40:33] CONNECT chat.deepseek.com:443
[12:40:33] CONNECT chat.deepseek.com:443
[12:40:33] PROXY localhost:8080 /
[12:40:34] CONNECT fe-static.deepseek.com:443
[12:40:34] CONNECT fe-static.deepseek.com:443
[12:40:34] PROXY localhost:8080 /
[12:40:35] CONNECT fe-static.deepseek.com:443
[12:40:35] CONNECT fe-static.deepseek.com:443
[12:40:35] PROXY localhost:8080 /
[12:40:36] PROXY localhost:8080 /
[12:40:37] PROXY localhost:8080 /
[12:40:38] GET /api/proxy/stats
[12:40:38] GET /api/blocklog
[12:40:38] PROXY localhost:8080 /
[12:40:39] PROXY localhost:8080 /
[12:40:40] PROXY localhost:8080 /
[12:40:41] PROXY localhost:8080 /
[12:40:42] CONNECT relay-6d581d9a.net.anydesk.com:443
[12:40:42] PROXY localhost:8080 /
[12:40:42] CONNECT gator.volces.com:443
[12:40:43] PROXY localhost:8080 /
[12:40:44] PROXY localhost:8080 /
[12:40:45] PROXY localhost:8080 /
[12:40:46] PROXY localhost:8080 /
[12:40:47] PROXY localhost:8080 /
[12:40:48] PROXY localhost:8080 /
[12:40:49] PROXY localhost:8080 /
[12:40:50] PROXY localhost:8080 /
[12:40:51] PROXY localhost:8080 /
[12:40:52] PROXY localhost:8080 /
[12:40:53] PROXY localhost:8080 /
[12:40:54] PROXY localhost:8080 /
[12:40:55] CONNECT www.google.com:443
[12:40:55] PROXY localhost:8080 /
[12:40:56] PROXY localhost:8080 /
[12:40:57] PROXY localhost:8080 /
[12:40:58] PROXY localhost:8080 /
[12:40:59] PROXY localhost:8080 /
[12:41:00] PROXY localhost:8080 /
[12:41:01] PROXY localhost:8080 /
[12:41:02] PROXY localhost:8080 /
[12:41:03] PROXY localhost:8080 /
[12:41:05] PROXY localhost:8080 /
[12:41:06] PROXY localhost:8080 /
[12:41:07] PROXY localhost:8080 /
[12:41:08] PROXY localhost:8080 /
[12:41:08] CONNECT fe-static.deepseek.com:443
[12:41:08] CONNECT fe-static.deepseek.com:443
[12:41:08] CONNECT fe-static.deepseek.com:443
[12:41:08] CONNECT fe-static.deepseek.com:443
[12:41:09] PROXY localhost:8080 /
[12:41:10] PROXY localhost:8080 /
[12:41:11] PROXY localhost:8080 /
[12:41:12] PROXY localhost:8080 /
[12:41:13] PROXY localhost:8080 /
[12:41:13] CONNECT relay-6d581d9a.net.anydesk.com:443
[12:41:14] CONNECT relay-e9d582fc.net.anydesk.com:443
[12:41:14] PROXY localhost:8080 /
[12:41:15] PROXY localhost:8080 /
[12:41:16] PROXY localhost:8080 /
[12:41:17] PROXY localhost:8080 /
[12:41:18] PROXY localhost:8080 /
[12:41:19] PROXY localhost:8080 /
[12:41:20] PROXY localhost:8080 /
[12:41:21] PROXY localhost:8080 /
[12:41:22] PROXY localhost:8080 /
[12:41:23] PROXY localhost:8080 /
[12:41:24] PROXY localhost:8080 /
[12:41:25] PROXY localhost:8080 /
[12:41:26] PROXY localhost:8080 /
[12:41:27] PROXY localhost:8080 /
[12:41:28] PROXY localhost:8080 /
[12:41:29] PROXY localhost:8080 /
[12:41:30] PROXY localhost:8080 /
[12:41:31] PROXY localhost:8080 /
[12:41:32] PROXY localhost:8080 /
[12:41:33] PROXY localhost:8080 /
[12:41:34] PROXY localhost:8080 /
[12:41:35] PROXY localhost:8080 /
[12:41:36] PROXY localhost:8080 /
[12:41:37] PROXY localhost:8080 /
[12:41:38] GET /api/proxy/stats
[12:41:38] GET /api/blocklog
[12:41:38] PROXY localhost:8080 /
[12:41:39] PROXY localhost:8080 /
[12:41:40] PROXY localhost:8080 /
[12:41:41] PROXY localhost:8080 /
[12:41:41] CONNECT gator.volces.com:443
[12:41:41] CONNECT fe-static.deepseek.com:443
[12:41:42] CONNECT fe-static.deepseek.com:443
[12:41:42] PROXY localhost:8080 /
[12:41:42] CONNECT fe-static.deepseek.com:443
[12:41:42] CONNECT fe-static.deepseek.com:443
[12:41:43] PROXY localhost:8080 /
[12:41:44] CONNECT www.google.com:443
[12:41:44] CONNECT gator.volces.com:443
[12:41:44] CONNECT www.google.com:443
[12:41:44] CONNECT gator.volces.com:443
[12:41:44] PROXY localhost:8080 /
[12:41:45] GET /api/proxy/stats
[12:41:45] GET /api/blocklog
[12:41:45] CONNECT relay-e9d582fc.net.anydesk.com:443
[12:41:45] PROXY localhost:8080 /
[12:41:46] PROXY localhost:8080 /
[12:41:47] PROXY localhost:8080 /
[12:41:48] GET /api/proxy/stats
[12:41:48] GET /api/blocklog
[12:41:48] PROXY localhost:8080 /
[12:41:49] PROXY localhost:8080 /
[12:41:50] PROXY localhost:8080 /
[12:41:51] PROXY localhost:8080 /
[12:41:52] PROXY localhost:8080 /
[12:41:53] GET /api/proxy/stats
[12:41:53] GET /api/blocklog
[12:41:53] PROXY localhost:8080 /
[12:41:54] PROXY localhost:8080 /
[12:41:55] PROXY localhost:8080 /
[12:41:57] PROXY localhost:8080 /
[12:41:58] PROXY localhost:8080 /
[12:41:58] GET /api/proxy/stats
[12:41:58] GET /api/blocklog
[12:41:59] PROXY localhost:8080 /
[12:42:00] PROXY localhost:8080 /
[12:42:01] PROXY localhost:8080 /
[12:42:02] PROXY localhost:8080 /
[12:42:03] PROXY localhost:8080 /
[12:42:03] GET /api/proxy/stats
[12:42:03] GET /api/blocklog
[12:42:04] PROXY localhost:8080 /
[12:42:05] PROXY localhost:8080 /
[12:42:06] PROXY localhost:8080 /
[12:42:07] PROXY localhost:8080 /
[12:42:08] GET /api/proxy/stats
[12:42:08] PROXY localhost:8080 /
[12:42:08] GET /api/blocklog
[12:42:09] PROXY localhost:8080 /
[12:42:10] PROXY localhost:8080 /
[12:42:11] PROXY localhost:8080 /
[12:42:12] PROXY localhost:8080 /
[12:42:13] GET /api/proxy/stats
[12:42:13] GET /api/blocklog
[12:42:13] PROXY localhost:8080 /
[12:42:14] PROXY localhost:8080 /
[12:42:15] PROXY localhost:8080 /
[12:42:16] PROXY localhost:8080 /
[12:42:16] CONNECT relay-e9d582fc.net.anydesk.com:443
[12:42:17] CONNECT relay-adf7714c.net.anydesk.com:443
[12:42:17] PROXY localhost:8080 /
[12:42:18] GET /api/proxy/stats
[12:42:18] GET /api/blocklog
[12:42:18] PROXY localhost:8080 /
[12:42:19] PROXY localhost:8080 /
[12:42:20] PROXY localhost:8080 /
[12:42:22] PROXY localhost:8080 /
[12:42:23] GET /api/proxy/stats
[12:42:23] GET /api/blocklog
[12:42:23] PROXY localhost:8080 /
[12:42:24] PROXY localhost:8080 /
[12:42:24] PROXY detectportal.firefox.com:80 /canonical.html
[12:42:24] CONNECT contile.services.mozilla.com:443
[12:42:25] CONNECT getpocket.cdn.mozilla.net:443
[12:42:25] PROXY detectportal.firefox.com:80 /success.txt?ipv4
[12:42:25] CONNECT content-signature-2.cdn.mozilla.net:443
[12:42:25] CONNECT content-signature-2.cdn.mozilla.net:443
[12:42:26] PROXY localhost:8080 /
[12:42:27] PROXY localhost:8080 /
[12:42:27] CONNECT safebrowsing.googleapis.com:443
[12:42:27] CONNECT firefox.settings.services.mozilla.com:443
[12:42:27] GET /api/proxy/stats
[12:42:27] CONNECT push.services.mozilla.com:443
[12:42:28] GET /api/blocklog
[12:42:28] PROXY localhost:8080 /
[12:42:28] CONNECT push.services.mozilla.com:443
[12:42:29] PROXY localhost:8080 /
[12:42:30] PROXY localhost:8080 /
[12:42:30] CONNECT shavar.services.mozilla.com:443
[12:42:30] CONNECT incoming.telemetry.mozilla.org:443
[12:42:31] PROXY localhost:8080 /
[12:42:32] GET /api/proxy/stats
[12:42:32] PROXY localhost:8080 /
[12:42:32] GET /api/blocklog
[12:42:33] CONNECT incoming.telemetry.mozilla.org:443
[12:42:33] CONNECT incoming.telemetry.mozilla.org:443
[12:42:33] CONNECT incoming.telemetry.mozilla.org:443
[12:42:33] PROXY localhost:8080 /
[12:42:34] CONNECT www.google.com:443
[12:42:34] PROXY localhost:8080 /
[12:42:34] CONNECT www.google.com:443
[12:42:35] PROXY localhost:8080 /
[12:42:36] PROXY localhost:8080 /
[12:42:37] PROXY localhost:8080 /
[12:42:38] GET /api/proxy/stats
[12:42:38] GET /api/blocklog
[12:42:38] PROXY localhost:8080 /
[12:42:39] PROXY localhost:8080 /
[12:42:40] CONNECT clientservices.googleapis.com:443
[12:42:40] CONNECT clientservices.googleapis.com:443
[12:42:40] PROXY localhost:8080 /
[12:42:41] PROXY localhost:8080 /
[12:42:42] PROXY localhost:8080 /
[12:42:43] GET /api/proxy/stats
[12:42:43] GET /api/blocklog
[12:42:43] PROXY localhost:8080 /
[12:42:45] PROXY localhost:8080 /
[12:42:46] PROXY localhost:8080 /
[12:42:47] GET /api/proxy/stats
[12:42:47] PROXY localhost:8080 /
[12:42:47] GET /api/blocklog
[12:42:48] PROXY localhost:8080 /
[12:42:48] CONNECT relay-adf7714c.net.anydesk.com:443
[12:42:49] PROXY localhost:8080 /
[12:42:50] PROXY localhost:8080 /
[12:42:51] PROXY localhost:8080 /
[12:42:52] PROXY localhost:8080 /
[12:42:52] GET /api/proxy/stats
[12:42:52] GET /api/blocklog
[12:42:53] PROXY localhost:8080 /
[12:42:54] PROXY localhost:8080 /
[12:42:55] PROXY localhost:8080 /
[12:42:56] PROXY localhost:8080 /
[12:42:57] GET /api/proxy/stats
[12:42:57] PROXY localhost:8080 /
[12:42:57] GET /api/blocklog
[12:42:58] PROXY localhost:8080 /
[12:42:58] CONNECT optimizationguide-pa.googleapis.com:443
[12:42:58] CONNECT www.googleapis.com:443
[12:42:58] PROXY etflix.compinterest.com:80 /
[12:42:58] CONNECT optimizationguide-pa.googleapis.com:443
[12:42:58] CONNECT www.googleapis.com:443
[12:42:59] CONNECT safebrowsing.google.com:443
[12:42:59] CONNECT safebrowsing.google.com:443
[12:42:59] PROXY localhost:8080 /
[12:43:00] CONNECT etflix.compinterest.com:443
[12:43:00] PROXY localhost:8080 /
[12:43:00] CONNECT etflix.compinterest.com:443
[12:43:01] PROXY localhost:8080 /
[12:43:01] CONNECT ob.sd559908.js.brandsmat.com:443
[12:43:02] CONNECT ob.sd559908.js.brandsmat.com:443
[12:43:02] PROXY localhost:8080 /
[12:43:03] GET /api/proxy/stats
[12:43:03] GET /api/blocklog
[12:43:03] PROXY localhost:8080 /
[12:43:04] PROXY etflix.compinterest.com:80 /?tr_uuid=20260913-1713-018c-b19e-23dcee34ef61&fp=-7
[12:43:04] CONNECT obs.sd559908.js.brandsmat.com:443
[12:43:04] PROXY localhost:8080 /
[12:43:04] CONNECT obs.sd559908.js.brandsmat.com:443
[12:43:05] CONNECT etflix.compinterest.com:443
[12:43:05] PROXY c.pki.goog:80 /r/r1.crl
[12:43:05] CONNECT etflix.compinterest.com:443
[12:43:05] PROXY localhost:8080 /
[12:43:06] PROXY x2.c.lencr.org:80 /
[12:43:06] PROXY localhost:8080 /
[12:43:07] CONNECT assets.abovedomains.com:443
[12:43:07] CONNECT l.cdn-fileserver.com:443
[12:43:07] CONNECT d.delivery.consentmanager.net:443
[12:43:07] CONNECT cdn.consentmanager.net:443
[12:43:07] CONNECT rapidresultsearch.com:443
[12:43:07] PROXY localhost:8080 /
[12:43:07] CONNECT assets.abovedomains.com:443
[12:43:07] CONNECT l.cdn-fileserver.com:443
[12:43:07] CONNECT d.delivery.consentmanager.net:443
[12:43:07] CONNECT cdn.consentmanager.net:443
[12:43:07] CONNECT rapidresultsearch.com:443
[12:43:08] PROXY ye.c.lencr.org:80 /
[12:43:08] GET /api/proxy/stats
[12:43:08] GET /api/blocklog
[12:43:08] PROXY localhost:8080 /
[12:43:09] PROXY ctldl.windowsupdate.com:80 /msdownload/update/v3/static/trustedr/en/authrootstl.cab?8e6ead4359886a29
[12:43:09] CONNECT scripts.clarity.ms:443
[12:43:09] CONNECT msadsscale.microsoft.com:443
[12:43:09] CONNECT clients4.google.com:443
[12:43:09] CONNECT s.cdn-fileserver.com:443
[12:43:09] CONNECT s.yimg.com:443
[12:43:09] CONNECT s.cdn-fileserver.com:443
[12:43:09] CONNECT s.cdn-fileserver.com:443
[12:43:09] CONNECT msadsscale.microsoft.com:443
[12:43:09] CONNECT scripts.clarity.ms:443
[12:43:09] CONNECT clients4.google.com:443
[12:43:09] CONNECT s.yimg.com:443
[12:43:09] CONNECT s.cdn-fileserver.com:443
[12:43:09] PROXY localhost:8080 /
[12:43:10] CONNECT l.cdn-fileserver.com:443
[12:43:10] CONNECT l.cdn-fileserver.com:443
[12:43:10] PROXY localhost:8080 /
[12:43:11] PROXY c.pki.goog:80 /r/r4.crl
[12:43:12] PROXY localhost:8080 /
[12:43:12] PROXY ctldl.windowsupdate.com:80 /msdownload/update/v3/static/trustedr/en/disallowedcertstl.cab?94089ed30da77522
[12:43:13] PROXY localhost:8080 /
[12:43:13] GET /api/proxy/stats
[12:43:13] GET /api/blocklog
[12:43:14] PROXY localhost:8080 /
[12:43:15] PROXY localhost:8080 /
[12:43:16] PROXY localhost:8080 /
[12:43:17] PROXY localhost:8080 /
[12:43:18] GET /api/proxy/stats
[12:43:18] PROXY localhost:8080 /
[12:43:18] CONNECT etflix.compinterest.com:443
[12:43:18] CONNECT etflix.compinterest.com:443
[12:43:18] GET /api/blocklog
[12:43:19] PROXY localhost:8080 /
[12:43:20] PROXY localhost:8080 /
[12:43:20] CONNECT relay-adf7714c.net.anydesk.com:443
[12:43:20] CONNECT d.delivery.consentmanager.net:443
[12:43:20] CONNECT d.delivery.consentmanager.net:443
[12:43:21] CONNECT relay-88c105e0.net.anydesk.com:443
[12:43:21] PROXY localhost:8080 /
[12:43:22] PROXY localhost:8080 /
[12:43:23] GET /api/proxy/stats
[12:43:23] GET /api/blocklog
[12:43:23] PROXY localhost:8080 /
[12:43:24] PROXY localhost:8080 /
[12:43:25] PROXY localhost:8080 /
[12:43:25] BLOCK CONNECT pinterest.com
[12:43:26] BLOCK CONNECT pinterest.com
[12:43:26] PROXY localhost:8080 /
[12:43:27] BLOCK CONNECT pinterest.com
[12:43:27] BLOCK CONNECT pinterest.com
[12:43:27] PROXY localhost:8080 /
[12:43:28] GET /api/proxy/stats
[12:43:28] GET /api/blocklog
[12:43:28] PROXY localhost:8080 /
[12:43:29] PROXY localhost:8080 /
[12:43:30] PROXY localhost:8080 /
[12:43:31] PROXY localhost:8080 /
[12:43:32] PROXY localhost:8080 /
[12:43:33] GET /api/proxy/stats
[12:43:33] BLOCK CONNECT pinterest.com
[12:43:33] BLOCK CONNECT pinterest.com
[12:43:33] BLOCK CONNECT pinterest.com
[12:43:33] GET /api/blocklog
[12:43:33] PROXY localhost:8080 /
[12:43:34] PROXY localhost:8080 /
[12:43:35] CONNECT gator.volces.com:443
[12:43:35] CONNECT gator.volces.com:443
[12:43:35] PROXY localhost:8080 /
[12:43:36] CONNECT gator.volces.com:443
[12:43:36] CONNECT gator.volces.com:443
[12:43:36] CONNECT gator.volces.com:443
[12:43:36] PROXY localhost:8080 /
[12:43:37] PROXY localhost:8080 /
[12:43:38] GET /api/proxy/stats
[12:43:38] BLOCK CONNECT pinterest.com
[12:43:38] BLOCK CONNECT pinterest.com
[12:43:38] GET /api/blocklog
[12:43:38] BLOCK CONNECT pinterest.com
[12:43:38] PROXY localhost:8080 /
[12:43:39] BLOCK CONNECT pinterest.com
[12:43:39] BLOCK CONNECT pinterest.com
[12:43:39] BLOCK CONNECT pinterest.com
[12:43:40] PROXY localhost:8080 /
[12:43:41] PROXY localhost:8080 /
[12:43:42] PROXY localhost:8080 /
[12:43:43] PROXY localhost:8080 /
[12:43:43] GET /api/proxy/stats
[12:43:43] GET /api/blocklog
[12:43:44] PROXY localhost:8080 /
[12:43:44] BLOCK CONNECT pinterest.com
[12:43:44] BLOCK CONNECT pinterest.com
[12:43:45] PROXY localhost:8080 /
[12:43:45] BLOCK CONNECT pinterest.com
[12:43:46] PROXY localhost:8080 /
[12:43:47] PROXY localhost:8080 /
[12:43:47] GET /api/proxy/stats
[12:43:47] GET /api/blocklog
[12:43:47] CONNECT hif-leim.deepseek.com:443
[12:43:47] CONNECT hif-leim.deepseek.com:443
[12:43:48] PROXY localhost:8080 /
[12:43:49] PROXY localhost:8080 /
[12:43:50] PROXY localhost:8080 /
[12:43:51] PROXY localhost:8080 /
[12:43:52] GET /api/proxy/stats
[12:43:52] PROXY localhost:8080 /
[12:43:52] GET /api/blocklog
[12:43:52] CONNECT relay-88c105e0.net.anydesk.com:443
[12:43:53] PROXY localhost:8080 /
[12:43:54] CONNECT hif-dliq.deepseek.com:443
[12:43:54] PROXY localhost:8080 /
[12:43:54] CONNECT hif-dliq.deepseek.com:443
[12:43:55] PROXY localhost:8080 /
[12:43:55] CONNECT www.google.com:443
[12:43:56] PROXY localhost:8080 /
[12:43:57] GET /api/proxy/stats
[12:43:57] GET /api/blocklog
[12:43:57] PROXY localhost:8080 /
[12:43:58] PROXY localhost:8080 /
[12:43:59] PROXY localhost:8080 /
[12:44:00] PROXY localhost:8080 /
[12:44:00] CONNECT chat.deepseek.com:443
[12:44:01] CONNECT safebrowsing.googleapis.com:443
[12:44:01] CONNECT chat.deepseek.com:443
[12:44:01] CONNECT safebrowsing.googleapis.com:443
[12:44:01] CONNECT chat.deepseek.com:443
[12:44:01] PROXY localhost:8080 /
[12:44:02] PROXY localhost:8080 /
[12:44:03] GET /api/proxy/stats
[12:44:03] GET /api/blocklog
[12:44:03] PROXY localhost:8080 /
[12:44:04] PROXY localhost:8080 /
[12:44:05] PROXY localhost:8080 /
[12:44:06] PROXY localhost:8080 /
[12:44:07] PROXY x1.c.lencr.org:80 /
[12:44:07] PROXY localhost:8080 /
[12:44:08] GET /api/proxy/stats
[12:44:08] GET /api/blocklog
[12:44:08] PROXY localhost:8080 /
[12:44:09] PROXY localhost:8080 /
[12:44:10] PROXY localhost:8080 /
[12:44:11] PROXY c.pki.goog:80 /r/gsr1.crl
[12:44:11] PROXY localhost:8080 /
[12:44:12] PROXY localhost:8080 /
[12:44:13] GET /api/proxy/stats
[12:44:13] GET /api/blocklog
[12:44:13] PROXY localhost:8080 /
[12:44:14] PROXY localhost:8080 /
[12:44:15] PROXY localhost:8080 /
[12:44:16] PROXY localhost:8080 /
[12:44:17] PROXY localhost:8080 /
[12:44:18] GET /api/proxy/stats
[12:44:18] GET /api/blocklog
[12:44:18] PROXY localhost:8080 /
[12:44:19] PROXY localhost:8080 /
[12:44:20] PROXY localhost:8080 /
[12:44:21] PROXY localhost:8080 /
[12:44:22] PROXY localhost:8080 /
[12:44:23] GET /api/proxy/stats
[12:44:23] GET /api/blocklog
[12:44:23] CONNECT relay-88c105e0.net.anydesk.com:443
[12:44:23] PROXY localhost:8080 /
[12:44:24] CONNECT relay-12eddebc.net.anydesk.com:443
[12:44:24] PROXY localhost:8080 /
[12:44:25] PROXY localhost:8080 /
[12:44:27] PROXY localhost:8080 /
[12:44:28] PROXY localhost:8080 /
[12:44:28] GET /api/proxy/stats
[12:44:28] GET /api/blocklog
[12:44:29] PROXY localhost:8080 /
[12:44:30] PROXY localhost:8080 /
[12:44:31] PROXY localhost:8080 /
[12:44:32] PROXY localhost:8080 /
[12:44:33] PROXY localhost:8080 /
[12:44:33] GET /api/proxy/stats
[12:44:33] GET /api/blocklog
[12:44:34] PROXY localhost:8080 /
[12:44:35] PROXY localhost:8080 /
[12:44:36] PROXY localhost:8080 /
[12:44:37] PROXY localhost:8080 /
[12:44:38] PROXY localhost:8080 /
[12:44:38] GET /api/proxy/stats
[12:44:38] GET /api/blocklog
[12:44:39] PROXY localhost:8080 /
[12:44:40] PROXY localhost:8080 /
[12:44:41] PROXY localhost:8080 /
[12:44:42] PROXY localhost:8080 /
[12:44:43] PROXY localhost:8080 /
[12:44:43] GET /api/proxy/stats
[12:44:43] GET /api/blocklog
[12:44:44] PROXY localhost:8080 /
[12:44:45] PROXY localhost:8080 /
[12:44:46] PROXY localhost:8080 /
[12:44:47] PROXY localhost:8080 /
[12:44:48] PROXY localhost:8080 /
[12:44:48] GET /api/proxy/stats
[12:44:48] GET /api/blocklog
[12:44:49] PROXY localhost:8080 /
[12:44:49] CONNECT www.google.com:443
[12:44:49] CONNECT gator.volces.com:443
[12:44:49] CONNECT www.google.com:443
[12:44:49] CONNECT gator.volces.com:443
[12:44:50] PROXY localhost:8080 /
[12:44:50] CONNECT gator.volces.com:443
[12:44:50] CONNECT gator.volces.com:443
[12:44:51] PROXY localhost:8080 /
[12:44:52] PROXY localhost:8080 /
[12:44:53] PROXY localhost:8080 /
[12:44:54] CONNECT chat.deepseek.com:443
[12:44:54] CONNECT chat.deepseek.com:443
[12:44:54] PROXY localhost:8080 /
[12:44:54] CONNECT fe-static.deepseek.com:443
[12:44:55] CONNECT fe-static.deepseek.com:443
[12:44:55] PROXY localhost:8080 /
[12:44:55] CONNECT fe-static.deepseek.com:443
[12:44:55] CONNECT fe-static.deepseek.com:443
[12:44:56] CONNECT relay-12eddebc.net.anydesk.com:443
[12:44:56] PROXY localhost:8080 /
[12:44:57] PROXY localhost:8080 /
[12:44:58] PROXY localhost:8080 /
[12:44:59] PROXY localhost:8080 /
[12:45:00] PROXY localhost:8080 /
[12:45:01] PROXY localhost:8080 /
[12:45:01] CONNECT clients4.google.com:443
[12:45:02] CONNECT clients4.google.com:443
[12:45:02] PROXY localhost:8080 /
[12:45:03] PROXY localhost:8080 /
[12:45:04] PROXY localhost:8080 /
[12:45:05] PROXY localhost:8080 /
[12:45:06] PROXY localhost:8080 /
[12:45:07] CONNECT optimizationguide-pa.googleapis.com:443
[12:45:07] CONNECT optimizationguide-pa.googleapis.com:443
[12:45:07] PROXY localhost:8080 /
[12:45:08] PROXY localhost:8080 /
[12:45:09] PROXY localhost:8080 /
[12:45:10] PROXY localhost:8080 /
[12:45:11] PROXY localhost:8080 /
[12:45:12] PROXY localhost:8080 /
[12:45:13] PROXY localhost:8080 /
[12:45:14] PROXY localhost:8080 /
[12:45:15] PROXY localhost:8080 /
[12:45:16] PROXY localhost:8080 /
[12:45:17] PROXY localhost:8080 /
[12:45:18] PROXY localhost:8080 /
[12:45:19] PROXY localhost:8080 /
[12:45:20] PROXY localhost:8080 /
[12:45:21] PROXY localhost:8080 /
[12:45:22] PROXY localhost:8080 /
[12:45:23] PROXY localhost:8080 /
[12:45:24] PROXY localhost:8080 /
[12:45:25] PROXY localhost:8080 /
[12:45:26] PROXY localhost:8080 /
[12:45:27] CONNECT relay-12eddebc.net.anydesk.com:443
[12:45:27] PROXY localhost:8080 /
[12:45:28] PROXY localhost:8080 /
[12:45:29] PROXY localhost:8080 /

=== Crocus server started at 2026-09-13 12:55:01 ===
[12:55:01] Starting on port 8000
[12:55:01] Elevation: no
[12:55:02] Listening on http://localhost:8000
[12:55:03] GET /
[12:55:03] GET /fa/css/all.min.css
[12:55:03] GET /style.css
[12:55:03] GET /quotes.js
[12:55:03] GET /script.js
[12:55:04] GET /fa/webfonts/fa-solid-900.woff2
[12:55:04] GET /fa/webfonts/fa-regular-400.woff2
[12:55:04] GET /api/notes
[12:55:05] GET /api/notes
[12:55:05] GET /api/notes/tasks

=== Crocus server started at 2026-09-13 12:55:45 ===
[12:55:45] Starting on port 8000
[12:55:45] Elevation: no
[12:55:45] Another instance already running on port 8000
[12:55:45] Server shutting down.
[12:55:45] GET /
[12:55:46] GET /fa/css/all.min.css
[12:55:46] GET /style.css
[12:55:46] GET /quotes.js
[12:55:46] GET /script.js
[12:55:47] GET /fa/webfonts/fa-solid-900.woff2
[12:55:47] GET /fa/webfonts/fa-regular-400.woff2
[12:55:47] GET /api/notes
[12:55:47] GET /api/notes
[12:55:48] GET /api/notes/tasks
[12:55:49] GET /api/blocklist
[12:55:49] GET /api/proxy/stats
[12:55:49] GET /api/blocklog
[12:55:54] GET /api/proxy/stats
[12:55:55] GET /api/blocklog
[12:56:00] GET /api/proxy/stats
[12:56:00] GET /api/blocklog
[12:56:01] POST /api/blocklist
[12:56:15] Elevated helper spawned (pid 1592)

=== Crocus server started at 2026-09-13 12:56:15 ===
[12:56:15] === Elevated hosts writer started ===
[12:56:15] Hosts file updated: 1 domains
[12:56:15] GET /api/proxy/stats
[12:56:15] GET /api/blocklog
[12:56:15] Elevated hosts write succeeded
[12:56:15] Server shutting down.
[12:56:16] GET /api/proxy/stats
[12:56:16] GET /api/blocklog
[12:56:16] GET /api/blocklist
[12:56:16] GET /api/proxy/stats
[12:56:16] GET /api/blocklog
[12:56:16] GET /api/proxy/stats
[12:56:20] GET /api/proxy/stats
[12:56:20] GET /api/blocklog
[12:56:25] GET /api/proxy/stats
[12:56:25] GET /api/blocklog
[12:56:30] GET /api/proxy/stats
[12:56:30] GET /api/blocklog
[12:56:34] GET /api/proxy/stats
[12:56:35] GET /api/blocklog
[12:56:40] GET /api/proxy/stats
[12:56:40] GET /api/blocklog
[12:56:41] POST /api/blocklist
[12:56:47] Elevated helper spawned (pid 5152)

=== Crocus server started at 2026-09-13 12:56:47 ===
[12:56:47] === Elevated hosts writer started ===
[12:56:47] Hosts file updated: 11 domains
[12:56:47] Elevated hosts write succeeded
[12:56:47] Server shutting down.
[12:56:47] POST /api/blocklist
[12:56:51] Elevated helper spawned (pid 2868)

=== Crocus server started at 2026-09-13 12:56:51 ===
[12:56:51] === Elevated hosts writer started ===
[12:56:51] Hosts file updated: 11 domains
[12:56:51] GET /api/proxy/stats
[12:56:51] GET /api/blocklog
[12:56:51] GET /api/blocklist
[12:56:51] Elevated hosts write succeeded
[12:56:51] Server shutting down.
[12:56:51] GET /api/proxy/stats
[12:56:51] GET /api/blocklog
[12:56:51] GET /api/blocklist
[12:56:52] GET /api/proxy/stats
[12:56:52] GET /api/proxy/stats
[12:56:54] GET /api/proxy/stats
[12:56:55] GET /api/blocklog
[12:57:00] GET /api/proxy/stats
[12:57:00] GET /api/blocklog
[12:57:05] GET /api/proxy/stats
[12:57:05] GET /api/blocklog
[12:57:09] GET /api/proxy/stats
[12:57:10] GET /api/blocklog
[12:57:15] GET /api/proxy/stats
[12:57:15] GET /api/blocklog
[12:57:20] GET /api/proxy/stats
[12:57:20] GET /api/blocklog
[12:57:25] GET /api/proxy/stats
[12:57:25] GET /api/blocklog
[12:57:30] GET /api/proxy/stats
[12:57:30] GET /api/blocklog
[12:57:35] GET /api/proxy/stats
[12:57:35] GET /api/blocklog
[12:57:39] GET /api/proxy/stats
[12:57:40] GET /api/blocklog
[12:57:45] GET /api/proxy/stats
[12:57:45] GET /api/blocklog
[12:57:49] GET /api/proxy/stats
[12:57:50] GET /api/blocklog
[12:57:55] GET /api/proxy/stats
[12:57:55] GET /api/blocklog
[12:58:00] GET /api/proxy/stats
[12:58:00] GET /api/blocklog
[12:58:05] GET /api/proxy/stats
[12:58:05] GET /api/blocklog
[12:58:10] GET /api/proxy/stats
[12:58:10] GET /api/blocklog
[12:58:15] GET /api/proxy/stats
[12:58:15] GET /api/blocklog
[12:58:20] GET /api/proxy/stats
[12:58:20] GET /api/blocklog
[12:58:25] GET /api/proxy/stats
[12:58:25] GET /api/blocklog
[12:58:30] GET /api/proxy/stats
[12:58:30] GET /api/blocklog
[12:58:35] GET /api/proxy/stats
[12:58:35] GET /api/blocklog
[12:58:40] GET /api/proxy/stats
[12:58:40] GET /api/blocklog
[12:58:45] GET /api/proxy/stats
[12:58:45] GET /api/blocklog
[12:58:49] GET /api/proxy/stats
[12:58:50] GET /api/blocklog
[12:58:54] GET /api/notes
[12:58:54] GET /api/notes/tasks
[12:58:57] GET /api/notes/tasks
[13:00:56] GET /
[13:00:56] GET /fa/css/all.min.css
[13:00:56] GET /style.css
[13:00:56] GET /fa/webfonts/fa-solid-900.woff2
[13:00:56] GET /fa/webfonts/fa-regular-400.woff2
[13:00:56] GET /quotes.js
[13:00:56] GET /script.js
[13:00:57] GET /api/notes
[13:00:57] GET /api/notes
[13:00:57] GET /api/notes/tasks
[13:00:58] GET /api/tasks
[13:01:01] GET /api/blocklist
[13:01:01] GET /api/blocklist/status

=== Crocus server started at 2026-09-13 13:12:17 ===
[13:12:17] Starting on port 8000
[13:12:17] Elevation: no
[13:12:17] Another instance already running on port 8000
[13:12:17] Server shutting down.
[13:12:17] GET /
[13:12:17] GET /fa/css/all.min.css
[13:12:17] GET /style.css
[13:12:18] GET /quotes.js
[13:12:18] GET /script.js
[13:12:18] GET /fa/webfonts/fa-solid-900.woff2
[13:12:18] GET /fa/webfonts/fa-regular-400.woff2
[13:12:19] GET /api/notes
[13:12:19] GET /api/notes
[13:12:56] GET /favicon.ico

=== Crocus server started at 2026-09-13 13:14:52 ===
[13:14:52] Starting on port 8000
[13:14:52] Elevation: no
[13:14:52] Another instance already running on port 8000
[13:14:52] Server shutting down.
[13:14:53] GET /
[13:14:53] GET /fa/css/all.min.css
[13:14:53] GET /style.css
[13:14:53] GET /quotes.js
[13:14:53] GET /script.js
[13:14:54] GET /fa/webfonts/fa-solid-900.woff2
[13:14:54] GET /fa/webfonts/fa-regular-400.woff2
[13:14:54] GET /api/notes
[13:14:54] GET /api/notes
[13:14:54] GET /api/tasks

=== Crocus server started at 2026-09-13 14:47:57 ===
[14:47:57] Starting on port 8000
[14:47:57] Elevation: no
[14:47:58] Listening on http://localhost:8000
[14:48:01] GET /
[14:48:15] GET /
[14:48:16] GET /fa/css/all.min.css
[14:48:16] GET /
[14:48:16] GET /style.css
[14:48:16] GET /quotes.js
[14:48:16] GET /script.js
[14:48:18] GET /fa/webfonts/fa-solid-900.woff2
[14:48:18] GET /fa/webfonts/fa-regular-400.woff2
[14:48:18] GET /api/notes
[14:48:19] GET /api/notes
[14:48:19] GET /api/tasks
[14:48:34] GET /
[14:48:34] GET /fa/css/all.min.css
[14:48:35] GET /style.css
[14:48:35] GET /quotes.js
[14:48:35] GET /script.js
[14:48:36] GET /fa/webfonts/fa-solid-900.woff2
[14:48:36] GET /fa/webfonts/fa-regular-400.woff2
[14:48:36] GET /api/notes
[14:48:36] GET /api/notes
[14:48:37] GET /api/tasks
[14:49:05] GET /api/notes
[14:49:08] GET /api/blocklist
[14:49:09] GET /api/blocklist/status
[14:49:13] GET /api/notes
[14:49:35] GET /
[14:49:37] GET /
[14:49:37] GET /fa/css/all.min.css
[14:49:38] GET /style.css
[14:49:38] GET /quotes.js
[14:49:38] GET /script.js
[14:49:39] GET /fa/webfonts/fa-solid-900.woff2
[14:49:39] GET /fa/webfonts/fa-regular-400.woff2
[14:49:39] GET /api/notes
[14:49:39] GET /api/notes
[14:49:39] GET /
[14:49:41] GET /fa/css/all.min.css
[14:49:41] GET /style.css
[14:49:41] GET /api/tasks
[14:49:42] GET /fa/webfonts/fa-solid-900.woff2
[14:49:42] GET /fa/webfonts/fa-regular-400.woff2
[14:49:42] GET /quotes.js
[14:49:42] GET /script.js
[14:49:43] GET /api/notes
[14:49:43] GET /api/notes
[14:49:43] GET /api/tasks

=== Crocus server started at 2026-09-13 23:16:38 ===
[23:16:38] Starting on port 8000
[23:16:38] Elevation: no
[23:16:39] Listening on http://localhost:8000
[23:16:40] GET /
[23:16:40] GET /fa/css/all.min.css
[23:16:40] GET /style.css
[23:16:40] GET /quotes.js
[23:16:40] GET /script.js
[23:16:41] GET /fa/webfonts/fa-solid-900.woff2
[23:16:41] GET /fa/webfonts/fa-regular-400.woff2
[23:16:41] GET /api/notes
[23:16:41] GET /api/notes
[23:16:42] GET /api/tasks

=== Crocus server started at 2026-09-13 23:17:06 ===
[23:17:06] Starting on port 8000
[23:17:06] Elevation: no
[23:17:06] Another instance already running on port 8000
[23:17:06] Server shutting down.
[23:17:06] GET /
[23:17:06] GET /fa/css/all.min.css
[23:17:07] GET /style.css
[23:17:07] GET /quotes.js
[23:17:07] GET /script.js
[23:17:07] GET /fa/webfonts/fa-solid-900.woff2
[23:17:07] GET /fa/webfonts/fa-regular-400.woff2
[23:17:07] GET /api/notes
[23:17:08] GET /api/notes
[23:17:08] GET /api/tasks

=== Crocus server started at 2026-09-13 23:17:18 ===
[23:17:18] Starting on port 8000
[23:17:18] Elevation: no
[23:17:18] Another instance already running on port 8000
[23:17:18] Server shutting down.
[23:17:18] GET /
[23:17:19] GET /fa/css/all.min.css
[23:17:19] GET /style.css
[23:17:19] GET /quotes.js
[23:17:19] GET /script.js
[23:17:20] GET /fa/webfonts/fa-solid-900.woff2
[23:17:20] GET /fa/webfonts/fa-regular-400.woff2
[23:17:20] GET /api/notes
[23:17:20] GET /api/notes
[23:17:20] GET /api/tasks

=== Crocus server started at 2026-09-13 23:18:47 ===
[23:18:47] Starting on port 8000
[23:18:47] Elevation: no
[23:18:47] No-browser: yes
[23:18:48] Listening on http://localhost:8000
[23:18:48] Browser launch suppressed (--no-browser)

=== Crocus server started at 2026-09-13 23:18:55 ===
[23:18:55] Starting on port 8000
[23:18:55] Elevation: no
[23:18:55] No-browser: no
[23:18:55] Another instance already running on port 8000
[23:18:55] Server shutting down.
[23:18:56] GET /
[23:18:56] GET /fa/css/all.min.css
[23:18:56] GET /style.css
[23:18:56] GET /quotes.js
[23:18:56] GET /script.js
[23:18:57] GET /fa/webfonts/fa-solid-900.woff2
[23:18:57] GET /fa/webfonts/fa-regular-400.woff2
[23:18:57] GET /api/notes

=== Crocus server started at 2026-09-13 23:38:09 ===
[23:38:09] Starting on port 8000
[23:38:09] Elevation: no
[23:38:09] Browser launch: no
[23:38:10] Listening on http://localhost:8000
[23:38:10] Browser launch disabled (default)
[23:43:56] GET /
[23:43:56] GET /fa/css/all.min.css
[23:43:56] GET /style.css
[23:43:57] GET /quotes.js
[23:43:57] GET /script.js
[23:43:57] GET /fa/webfonts/fa-solid-900.woff2
[23:43:57] GET /fa/webfonts/fa-regular-400.woff2
[23:43:57] GET /api/notes
[23:43:58] GET /api/notes
[23:43:58] GET /api/tasks
[23:45:03] GET /
[23:45:03] GET /fa/css/all.min.css
[23:45:03] GET /style.css
[23:45:03] GET /quotes.js
[23:45:03] GET /script.js
[23:45:04] GET /fa/webfonts/fa-solid-900.woff2
[23:45:04] GET /fa/webfonts/fa-regular-400.woff2
[23:45:04] GET /api/notes
[23:45:04] GET /api/notes
[23:45:04] GET /api/tasks

=== Crocus server started at 2026-09-23 13:48:06 ===
[13:48:06] Starting on port 8000
[13:48:06] Elevation: no
[13:48:06] Browser launch: no
[13:48:07] Created sounds\user
[13:48:07] Listening on http://localhost:8000
[13:48:07] Browser launch disabled (default)
[13:51:39] GET /
[13:51:39] GET /
